,nCount_RNA,nFeature_RNA,subtype,patientid,Classification
AACATTGGTCAGCCGT-1,751,553,TNBC,CID44971,Normal + stroma + lymphocytes
CATCGAATGGATCTCT-1,2831,1351,TNBC,CID44971,Normal + stroma + lymphocytes
CGGGTTGTAGCTTTGG-1,15428,4496,TNBC,CID44971,Normal + stroma + lymphocytes
CCTAAGTGTCTAACCG-1,889,621,TNBC,CID44971,Normal + stroma + lymphocytes
TCTGTGACTGACCGTT-1,7637,3009,TNBC,CID44971,Normal + stroma + lymphocytes
TTATCATACTCGCAAA-1,1237,830,TNBC,CID44971,Normal + stroma + lymphocytes
AGCGTAGCGCTAGACC-1,7862,3377,TNBC,CID44971,Normal + stroma + lymphocytes
AGGTCGCCACTTCGGT-1,5764,2772,TNBC,CID44971,Normal + stroma + lymphocytes
TTGCTAGCTACCAATC-1,3401,1909,TNBC,CID44971,Normal + stroma + lymphocytes
GCCGGTTTGGGCGGAT-1,765,583,TNBC,CID44971,Normal + stroma + lymphocytes
TGTAACTTGTCAACCT-1,12453,4530,TNBC,CID44971,Normal + stroma + lymphocytes
CGAGATGTTGCCTATA-1,2578,1569,TNBC,CID44971,Normal + stroma + lymphocytes
GTTACGAAATCCACGC-1,14735,4961,TNBC,CID44971,Normal + stroma + lymphocytes
CTTGTCGTACGTGTCA-1,3047,1600,TNBC,CID44971,Normal + stroma + lymphocytes
GCGTCCAGCTCGTGGC-1,16701,5429,TNBC,CID44971,Normal + stroma + lymphocytes
CCCTTCTCGTACGCGA-1,1470,930,TNBC,CID44971,Normal + stroma + lymphocytes
CCAAAGTCCCGCTAAC-1,4207,2123,TNBC,CID44971,Normal + stroma + lymphocytes
CCGCTTCGCGGTTAAC-1,3793,1805,TNBC,CID44971,Normal + stroma + lymphocytes
GTTACGGCCCGACTGC-1,5411,2297,TNBC,CID44971,Normal + stroma + lymphocytes
CCCGCTTGCCCTCGTC-1,1889,1178,TNBC,CID44971,Normal + stroma + lymphocytes
TAGTGAGAAGTGGTTG-1,9579,3708,TNBC,CID44971,Normal + stroma + lymphocytes
AAACAATCTACTAGCA-1,3516,1871,TNBC,CID44971,Normal + stroma + lymphocytes
ATAAACCATTGGACGG-1,727,564,TNBC,CID44971,NA
CACGACTAAAGTTCTG-1,890,668,TNBC,CID44971,Stroma + adipose tissue
GAAGACTTCAATGCCG-1,627,515,TNBC,CID44971,Stroma + adipose tissue
ACCAAACTAGAAATCC-1,1006,673,TNBC,CID44971,Stroma + adipose tissue
GACCAGGTCATTCATA-1,1307,881,TNBC,CID44971,Stroma + adipose tissue
GTATCGGGACGAGCTG-1,2503,1347,TNBC,CID44971,Normal + stroma + lymphocytes
CCTGTGCATAGGAGAC-1,1416,884,TNBC,CID44971,Normal + stroma + lymphocytes
CATACGGGTGCATGAT-1,4535,2037,TNBC,CID44971,Normal + stroma + lymphocytes
CCACTAAACTGAATCG-1,5965,2278,TNBC,CID44971,Normal + stroma + lymphocytes
AAATTGCGGCGGTTCT-1,15517,4263,TNBC,CID44971,Normal + stroma + lymphocytes
AGTCCAGCGGGTACGT-1,16045,4448,TNBC,CID44971,Normal + stroma + lymphocytes
CATTCAGGTCAGTGCG-1,19469,4926,TNBC,CID44971,Normal + stroma + lymphocytes
CTAAAGTCCGAAGCTA-1,23298,5906,TNBC,CID44971,Normal + stroma + lymphocytes
AATCAGACTGCAGGAC-1,22465,5644,TNBC,CID44971,Normal + stroma + lymphocytes
AGTATCCATAATAACG-1,18346,5142,TNBC,CID44971,Normal + stroma + lymphocytes
CTGGCTGCTAACGTAA-1,25652,6088,TNBC,CID44971,Normal + stroma + lymphocytes
GTTCCAAGACAGCGAC-1,15267,5134,TNBC,CID44971,Normal + stroma + lymphocytes
AAGACTAACCCGTTGT-1,15243,4383,TNBC,CID44971,Normal + stroma + lymphocytes
GATTAATCCTGGCTCA-1,15283,4896,TNBC,CID44971,Normal + stroma + lymphocytes
CGCGCAAGGAACTACA-1,14195,4599,TNBC,CID44971,Normal + stroma + lymphocytes
CAGTAGCGAGGTAGTA-1,9959,3777,TNBC,CID44971,Normal + stroma + lymphocytes
ACGGCGGGTTGCCCTG-1,15762,4867,TNBC,CID44971,Normal + stroma + lymphocytes
CTAGGCGGCAGAGAAT-1,10263,3827,TNBC,CID44971,Normal + stroma + lymphocytes
GTGCGCAGCTTGCTCC-1,11999,4212,TNBC,CID44971,Normal + stroma + lymphocytes
TCACTATCGTGCAATC-1,18145,5388,TNBC,CID44971,Normal + stroma + lymphocytes
TATGATTCTGCTTGGT-1,13245,4544,TNBC,CID44971,Normal + stroma + lymphocytes
TAAGATTTAGCGGGAG-1,18364,5504,TNBC,CID44971,Normal + stroma + lymphocytes
TTACGGTGTCACCGAG-1,22824,6271,TNBC,CID44971,Normal + stroma + lymphocytes
CTACACTAGCTTGTTC-1,8385,3261,TNBC,CID44971,Normal + stroma + lymphocytes
TGAGCAGTCGTGAAGT-1,13595,4722,TNBC,CID44971,Normal + stroma + lymphocytes
CGCTGAGGACGTCCAA-1,11227,4144,TNBC,CID44971,Normal + stroma + lymphocytes
GTGTATGACTTTAAAG-1,39890,8083,TNBC,CID44971,Normal + stroma + lymphocytes
CTAAACGGGTGTAATC-1,28358,6385,TNBC,CID44971,Normal + stroma + lymphocytes
TGTACTGTGCCAAAGT-1,57645,8864,TNBC,CID44971,Normal + stroma + lymphocytes
GGCCACAAGCGATGGC-1,24396,5665,TNBC,CID44971,Normal + stroma + lymphocytes
GTCAATTGTACTGAAG-1,46152,7846,TNBC,CID44971,Normal + stroma + lymphocytes
AGGGACAGCACGGCGG-1,3582,1772,TNBC,CID44971,Stroma + adipose tissue
AGCTTATAGAGACCTG-1,4793,2159,TNBC,CID44971,Stroma + adipose tissue
AACTTTAGCTGCTGAG-1,2502,1384,TNBC,CID44971,Stroma + adipose tissue
CCCAAGACAGAGTATG-1,1616,1020,TNBC,CID44971,Stroma + adipose tissue
GGCATCAACGAGCACG-1,2114,1240,TNBC,CID44971,Stroma + adipose tissue
ATGCATTCCGTGATGG-1,1391,935,TNBC,CID44971,Stroma + adipose tissue
TTATAGATGCACATTA-1,1869,1100,TNBC,CID44971,Stroma + adipose tissue
GAACCATCTGGGAGAC-1,1180,845,TNBC,CID44971,Stroma + adipose tissue
TGCTATACAAACGGAC-1,1800,1083,TNBC,CID44971,Stroma + adipose tissue
ACTTGCCATATTGTAC-1,769,581,TNBC,CID44971,Stroma + adipose tissue
TATTCCGGCAGTCCTA-1,897,653,TNBC,CID44971,Stroma + adipose tissue
GACGGACCGCGTTCCT-1,646,504,TNBC,CID44971,Stroma + adipose tissue
AAGTTTACTAATGGCA-1,912,663,TNBC,CID44971,Stroma + adipose tissue
GATTGACACTCTGCTC-1,734,577,TNBC,CID44971,Stroma + adipose tissue
TATCACAGCACGGGCA-1,925,717,TNBC,CID44971,Stroma + adipose tissue
ACCGTTCCCGCTCTGA-1,980,730,TNBC,CID44971,Stroma + adipose tissue
CCGCCACCACAATCCA-1,890,669,TNBC,CID44971,Stroma + adipose tissue
CATTCACTGACAGCTA-1,965,719,TNBC,CID44971,Stroma + adipose tissue
CGGCTGCAAGATTAAG-1,1283,891,TNBC,CID44971,Stroma + adipose tissue
TTAATGCGAGGTAACT-1,1236,814,TNBC,CID44971,Stroma + adipose tissue
AATAAGTCCTCGAGAC-1,1179,744,TNBC,CID44971,Stroma + adipose tissue
TGGAAACGGAGTGAAC-1,5616,2430,TNBC,CID44971,Normal + stroma + lymphocytes
ATCGCACGATTGTTCA-1,6265,2686,TNBC,CID44971,Normal + stroma + lymphocytes
CGCCACCCGCATTAAC-1,8500,3261,TNBC,CID44971,Normal + stroma + lymphocytes
TGGACCACGGCGTTGA-1,15352,4780,TNBC,CID44971,Normal + stroma + lymphocytes
GTATATGTTACGGCGG-1,28746,5931,TNBC,CID44971,Normal + stroma + lymphocytes
GTATTCTTACCGTGCT-1,23441,5432,TNBC,CID44971,Normal + stroma + lymphocytes
TTCAGAGTAACCTGAC-1,16923,4830,TNBC,CID44971,Normal + stroma + lymphocytes
GCGGTAACCCAAATGA-1,13528,4484,TNBC,CID44971,Normal + stroma + lymphocytes
CTACGTGTTGCCACCA-1,12376,4292,TNBC,CID44971,Normal + stroma + lymphocytes
CTAGATAAACTCCTCG-1,13757,4467,TNBC,CID44971,Normal + stroma + lymphocytes
TCCATTAGTTGGATAG-1,15115,4656,TNBC,CID44971,Normal + stroma + lymphocytes
CTGGCTCCTGCGGGAT-1,9871,3570,TNBC,CID44971,Normal + stroma + lymphocytes
CAGTCTCTCGGCTAAT-1,10152,3736,TNBC,CID44971,Normal + stroma + lymphocytes
GTATGACGTGGGAAAC-1,12714,4319,TNBC,CID44971,Normal + stroma + lymphocytes
AGTCACTCCGCCTCAT-1,17893,5116,TNBC,CID44971,Normal + stroma + lymphocytes
GCAGCGGTGGGCATTA-1,10539,3662,TNBC,CID44971,Normal + stroma + lymphocytes
TATGGAGTTTCTCGTT-1,14227,4508,TNBC,CID44971,Normal + stroma + lymphocytes
ACTCAACGAATGTATT-1,17136,4748,TNBC,CID44971,Normal + stroma + lymphocytes
AACACGCGGCCGCGAA-1,20981,5603,TNBC,CID44971,Normal + stroma + lymphocytes
CGATATTAGCCGCAGG-1,22891,5273,TNBC,CID44971,Normal + stroma + lymphocytes
AGCGTCTGAACCCGCA-1,14200,4719,TNBC,CID44971,Normal + stroma + lymphocytes
GATGTCCGGATCACAT-1,10409,3948,TNBC,CID44971,Normal + stroma + lymphocytes
GGTCACGTTAGATTCA-1,8504,3592,TNBC,CID44971,Normal + stroma + lymphocytes
TTAAGGATACGGAGGT-1,8100,3309,TNBC,CID44971,Normal + stroma + lymphocytes
GTGCGGGACCATCGGC-1,13354,4789,TNBC,CID44971,Normal + stroma + lymphocytes
CCATCTTGTTCACAAT-1,10490,3978,TNBC,CID44971,Normal + stroma + lymphocytes
TCCGAGAAGGCTAAGC-1,39699,7817,TNBC,CID44971,Normal + stroma + lymphocytes
TGGCGGTGTGCGATTG-1,14632,4979,TNBC,CID44971,Normal + stroma + lymphocytes
ATCCTGCTGCAGATAG-1,46927,7572,TNBC,CID44971,Normal + stroma + lymphocytes
TTATGCGTCCCGGTCC-1,9176,3529,TNBC,CID44971,Normal + stroma + lymphocytes
CATAATGAGCGGGCGA-1,15127,4874,TNBC,CID44971,Normal + stroma + lymphocytes
AGACATAGATCCTTCC-1,4340,2022,TNBC,CID44971,Stroma + adipose tissue
AACTGGTGTGGGCCTT-1,3182,1541,TNBC,CID44971,Stroma + adipose tissue
GTAGCGCTGTTGTAGT-1,2610,1361,TNBC,CID44971,Stroma + adipose tissue
TTGTTTGTGTAAATTC-1,1830,1015,TNBC,CID44971,Stroma + adipose tissue
GGATCAAAGGACGAGG-1,2948,1581,TNBC,CID44971,Stroma + adipose tissue
CGTAGCGCCGACGTTG-1,2121,1112,TNBC,CID44971,Stroma + adipose tissue
CAAGTGAACTTTGGTT-1,2315,1229,TNBC,CID44971,Stroma + adipose tissue
CAATGGTCGGCCTGGG-1,1433,918,TNBC,CID44971,Stroma + adipose tissue
ACAGATTAGGTTAGTG-1,944,654,TNBC,CID44971,Stroma + adipose tissue
GTTATCACCTTCTGAA-1,3626,1631,TNBC,CID44971,Stroma + adipose tissue
TGGTATCGGTCTGTAT-1,758,559,TNBC,CID44971,Stroma + adipose tissue
GGAATAACCTCAAGAA-1,1030,758,TNBC,CID44971,Stroma + adipose tissue
CCGAGGGATGTTAGGC-1,737,538,TNBC,CID44971,Stroma + adipose tissue
TGAGATCAAATACTCA-1,839,634,TNBC,CID44971,Stroma + adipose tissue
AAACGAAGAACATACC-1,803,610,TNBC,CID44971,Stroma + adipose tissue
TGGAGCTAAAGTTCCC-1,965,669,TNBC,CID44971,Stroma + adipose tissue
GGGTGGTCCAGCCTGT-1,885,621,TNBC,CID44971,Stroma + adipose tissue
CATGCATGGAGACCCT-1,1284,859,TNBC,CID44971,Stroma + adipose tissue
ACACGGCACTATGCAT-1,1036,703,TNBC,CID44971,Stroma + adipose tissue
CAATATTGGACTAGTG-1,14148,4576,TNBC,CID44971,Normal + stroma + lymphocytes
CGTGCTGGCCTAGTCG-1,16734,4710,TNBC,CID44971,Normal + stroma + lymphocytes
CCTGCGATAGAACTGT-1,15836,4896,TNBC,CID44971,Normal + stroma + lymphocytes
GGGTAATGCTGTGTTT-1,14297,4499,TNBC,CID44971,Normal + stroma + lymphocytes
AACGCGAACGGCAACA-1,14152,4556,TNBC,CID44971,Normal + stroma + lymphocytes
TGTCGGCATGGTGGAA-1,13654,4373,TNBC,CID44971,Normal + stroma + lymphocytes
AGCGTACGAGAGCTAG-1,25609,5932,TNBC,CID44971,Normal + stroma + lymphocytes
ATACTCTCGCCACTCT-1,15917,4862,TNBC,CID44971,Normal + stroma + lymphocytes
AATCCATGCAAGGGTG-1,13465,4259,TNBC,CID44971,Normal + stroma + lymphocytes
TTAAACAGAGTCCCGC-1,15539,4643,TNBC,CID44971,Normal + stroma + lymphocytes
CCACAGCTGAAATCAT-1,10727,3817,TNBC,CID44971,Normal + stroma + lymphocytes
CGGTTCCGGCTTCTTG-1,8391,3236,TNBC,CID44971,Normal + stroma + lymphocytes
GACGTGAGACTCCATG-1,16945,4823,TNBC,CID44971,Normal + stroma + lymphocytes
TCGTTGGCTCGTCAAT-1,12160,4009,TNBC,CID44971,Normal + stroma + lymphocytes
GGTGAACGGGCTAGCC-1,17094,4678,TNBC,CID44971,Normal + stroma + lymphocytes
GCACTGTGCAAATGTA-1,19912,5082,TNBC,CID44971,Normal + stroma + lymphocytes
ACGAGAACCCATCACG-1,22514,5321,TNBC,CID44971,Normal + stroma + lymphocytes
CCAGCTACGCCTCATA-1,29340,6203,TNBC,CID44971,Normal + stroma + lymphocytes
TCCCGGTCAGGAATTT-1,20920,5047,TNBC,CID44971,Normal + stroma + lymphocytes
TCGCATTCAATGACTT-1,17765,4741,TNBC,CID44971,Normal + stroma + lymphocytes
CTGGTTCAACGCATCA-1,8839,3256,TNBC,CID44971,Normal + stroma + lymphocytes
GGTGATTTCATCTTGT-1,7527,2894,TNBC,CID44971,Normal + stroma + lymphocytes
CACCCTTTCCTCGCTC-1,8603,3361,TNBC,CID44971,Normal + stroma + lymphocytes
CAACTTGTAGTGGGCA-1,10041,3706,TNBC,CID44971,Normal + stroma + lymphocytes
AATATCAAGGTCGGAT-1,11345,4082,TNBC,CID44971,Normal + stroma + lymphocytes
ACTCAGACCTGCTTCT-1,20767,5378,TNBC,CID44971,Normal + stroma + lymphocytes
TTGGAGTCTCCCTTCT-1,11870,3924,TNBC,CID44971,Normal + stroma + lymphocytes
GGATACTCATGAATTG-1,16625,4890,TNBC,CID44971,Normal + stroma + lymphocytes
TGGGCACAAACAGAAC-1,7528,2915,TNBC,CID44971,Stroma + adipose tissue
GAGCCACGGTAGTAGG-1,5212,2015,TNBC,CID44971,Stroma + adipose tissue
TAACCGCCCGCAGTGC-1,3968,1721,TNBC,CID44971,Stroma + adipose tissue
GCCTATTTGCTACACA-1,3072,1504,TNBC,CID44971,Stroma + adipose tissue
TTGACGATTCAGCACG-1,2731,1343,TNBC,CID44971,Stroma + adipose tissue
TTAAACCGGTAGCGAC-1,2489,1301,TNBC,CID44971,Stroma + adipose tissue
ACCGAAAGGGCCCTGC-1,2343,1231,TNBC,CID44971,Stroma + adipose tissue
ACGTTCCGCGCTCCGT-1,1937,1104,TNBC,CID44971,Stroma + adipose tissue
CGGCTTTGTATGATAA-1,1164,756,TNBC,CID44971,Stroma + adipose tissue
CTTGACCCGAAAGATA-1,1338,875,TNBC,CID44971,Stroma + adipose tissue
CGCAGAAACATTTGCG-1,1014,700,TNBC,CID44971,Stroma + adipose tissue
GACCCGTCGCCGGCTA-1,814,544,TNBC,CID44971,Stroma + adipose tissue
CCCAACCACACTAACA-1,804,598,TNBC,CID44971,Stroma + adipose tissue
CACCGCCGACCAGCGA-1,712,524,TNBC,CID44971,Stroma + adipose tissue
TGGTATCGCATCCCAA-1,923,639,TNBC,CID44971,Stroma + adipose tissue
CAGAGTGATTTAACGT-1,869,606,TNBC,CID44971,Stroma + adipose tissue
AACCCTGGTGGAACCA-1,1195,785,TNBC,CID44971,Stroma + adipose tissue
GTCAGTTGTGCTCGTT-1,1225,777,TNBC,CID44971,Stroma + adipose tissue
GCCAGGCGTTCGCATG-1,21813,5501,TNBC,CID44971,Stroma
CAATGGAATCTACATA-1,37649,7100,TNBC,CID44971,Stroma
ATGGCTGGAAATGGCC-1,39596,7155,TNBC,CID44971,DCIS
CACATGTTTGGACATG-1,9769,3679,TNBC,CID44971,Normal + stroma + lymphocytes
TTCGCATCCGGAAGCA-1,11564,4016,TNBC,CID44971,Normal + stroma + lymphocytes
CCCTAGTGTCAGGTGT-1,15490,4908,TNBC,CID44971,Normal + stroma + lymphocytes
TTACCGCCTTAGGGAA-1,14844,4732,TNBC,CID44971,Normal + stroma + lymphocytes
CCAGTCCATTATTCGA-1,17112,4900,TNBC,CID44971,Normal + stroma + lymphocytes
CGTAAACGCTTGAGTG-1,39257,7451,TNBC,CID44971,Normal + stroma + lymphocytes
ATTCCTTCCAGGCGGT-1,14276,4503,TNBC,CID44971,Normal + stroma + lymphocytes
TTCCTTTCTGTGTTGC-1,26537,6417,TNBC,CID44971,Normal + stroma + lymphocytes
AGTTGACATCGGCTGG-1,25188,6237,TNBC,CID44971,Normal + stroma + lymphocytes
AACTCGATGGCGCAGT-1,34782,6905,TNBC,CID44971,Normal + stroma + lymphocytes
GATAAGGCAGATGCAA-1,18878,5153,TNBC,CID44971,Normal + stroma + lymphocytes
GGCTGGCTAGCTTAAA-1,12902,4181,TNBC,CID44971,Normal + stroma + lymphocytes
CCTCATGCAGCTACGA-1,9283,3585,TNBC,CID44971,Normal + stroma + lymphocytes
GACGCCTGTTGCAGGG-1,18163,5089,TNBC,CID44971,Normal + stroma + lymphocytes
TAATTAGATGGATATG-1,22697,5707,TNBC,CID44971,Normal + stroma + lymphocytes
GAGGGCATCGCGTATC-1,31939,6825,TNBC,CID44971,Normal + stroma + lymphocytes
CTTGTGAGTCTTTGAC-1,25094,6047,TNBC,CID44971,Normal + stroma + lymphocytes
TCAACACATTGGGTAA-1,30873,7106,TNBC,CID44971,Normal + stroma + lymphocytes
ACTGTATACGCGAGCA-1,23950,5623,TNBC,CID44971,Normal + stroma + lymphocytes
GTGAAACGTGCTCCAC-1,28800,6153,TNBC,CID44971,Normal + stroma + lymphocytes
CGAGTGCTATAGTTCG-1,17300,4815,TNBC,CID44971,Normal + stroma + lymphocytes
GTACTGCATGAAGCGT-1,17410,4628,TNBC,CID44971,Normal + stroma + lymphocytes
GTAACTTGCGGCAGTC-1,9927,3403,TNBC,CID44971,Normal + stroma + lymphocytes
GAATCGCCGGACACGG-1,7798,2998,TNBC,CID44971,Normal + stroma + lymphocytes
GGGAGTAATGGCTGGC-1,7085,2878,TNBC,CID44971,Normal + stroma + lymphocytes
CATGAACCGACATTTG-1,6128,2460,TNBC,CID44971,Normal + stroma + lymphocytes
TCTGTCATACAAGAGC-1,9568,3516,TNBC,CID44971,Normal + stroma + lymphocytes
GTCGTCAATTATAAGG-1,8909,2802,TNBC,CID44971,Normal + stroma + lymphocytes
TAAAGAGCCCGAAACC-1,7539,2737,TNBC,CID44971,Normal + stroma + lymphocytes
GTACTGAGGTCGTAAC-1,15112,3978,TNBC,CID44971,Normal + stroma + lymphocytes
AAAGACCCAAGTCGCG-1,8666,2760,TNBC,CID44971,Stroma + adipose tissue
CGTCAGTGCGCACAAG-1,7287,2613,TNBC,CID44971,Normal + stroma + lymphocytes
TGTATCCTTATTCCAT-1,2763,1327,TNBC,CID44971,Stroma + adipose tissue
ATTCTCGTCTCTTTAG-1,1922,1045,TNBC,CID44971,Stroma + adipose tissue
AAAGTCACTGATGTAA-1,2355,1275,TNBC,CID44971,Stroma + adipose tissue
TGTCTACAGTTTCTGT-1,1406,848,TNBC,CID44971,Stroma + adipose tissue
TTAACGTCGCAAGACC-1,1664,1016,TNBC,CID44971,Stroma + adipose tissue
CTATGTCTATTGAAAC-1,1612,1001,TNBC,CID44971,Stroma + adipose tissue
ACAGCATAGAGCCAGT-1,901,650,TNBC,CID44971,Stroma + adipose tissue
ATATTCCCACAGGTCA-1,997,721,TNBC,CID44971,Stroma + adipose tissue
CACCATCGGAGGAGAC-1,698,553,TNBC,CID44971,Stroma + adipose tissue
GCACAAGTGTCGGAAG-1,734,547,TNBC,CID44971,Stroma + adipose tissue
TACCAGCTAGGTTTAA-1,740,581,TNBC,CID44971,Stroma + adipose tissue
ACGTACAGATTTCTCT-1,711,537,TNBC,CID44971,Stroma + adipose tissue
AATTTGGTTCCAAAGA-1,1256,848,TNBC,CID44971,Stroma + adipose tissue
GTAAGGATTTGTCGGA-1,931,669,TNBC,CID44971,Stroma + adipose tissue
CATCATCTACCCGGAC-1,1261,811,TNBC,CID44971,Stroma + adipose tissue
ACGATGGATCCGATGC-1,1142,789,TNBC,CID44971,Stroma + adipose tissue
CACTCAGCTCTTGAGG-1,1701,1027,TNBC,CID44971,Stroma + adipose tissue
GGTAAATGTGCGTTAC-1,2791,1563,TNBC,CID44971,Stroma
GGAAGCTCGCTTACAG-1,2546,1423,TNBC,CID44971,Stroma
CACCGATACACCGAGC-1,5283,2318,TNBC,CID44971,Stroma
CAGCCGGGCCCTCTAT-1,5847,2482,TNBC,CID44971,Stroma
CGGAGCTTATAACACC-1,11885,4025,TNBC,CID44971,Stroma
ATTACAACTACCGGCC-1,7519,3013,TNBC,CID44971,Stroma
TCCTCTGGCCCATTAG-1,13422,4225,TNBC,CID44971,Stroma
CGGCACCGTTAGCGCC-1,18261,5156,TNBC,CID44971,Stroma
TCGGTCCCTGACTCCA-1,29677,6353,TNBC,CID44971,Stroma
TGGTTGGAGGATCCTG-1,17730,5244,TNBC,CID44971,DCIS
CTGCGGTAGTCACGTG-1,23552,5820,TNBC,CID44971,DCIS
GTGCCTCAGTGTACGG-1,25606,6956,TNBC,CID44971,DCIS
ATCGTTCACTTTCGCC-1,28330,6505,TNBC,CID44971,DCIS
ACTTACCGGGCGCGCA-1,43280,7908,TNBC,CID44971,DCIS
AGTTCTGCGTTGTATC-1,13608,4516,TNBC,CID44971,Normal + stroma + lymphocytes
ACCCTATAGGACTGAG-1,13402,4456,TNBC,CID44971,Normal + stroma + lymphocytes
TTAGATAGGTCGATAC-1,24497,6442,TNBC,CID44971,Normal + stroma + lymphocytes
ATTGATAGCAACGAGA-1,21951,5805,TNBC,CID44971,Normal + stroma + lymphocytes
TCTCGGCTCCAGGACT-1,29012,6638,TNBC,CID44971,Normal + stroma + lymphocytes
CTTGAGGTTATCCCGA-1,23298,5926,TNBC,CID44971,Normal + stroma + lymphocytes
AAGAAGGATCAGTTAG-1,41401,7742,TNBC,CID44971,Normal + stroma + lymphocytes
GTACGACGGCGCTGCG-1,22920,5904,TNBC,CID44971,Normal + stroma + lymphocytes
CTTATGTTGACTACCA-1,16059,4929,TNBC,CID44971,Normal + stroma + lymphocytes
CGGCACTCAAGAAAGT-1,14357,4728,TNBC,CID44971,Normal + stroma + lymphocytes
GTCAAAGTTTACATAG-1,9988,3744,TNBC,CID44971,Normal + stroma + lymphocytes
CTCCTAAGTTATGTCT-1,18193,5333,TNBC,CID44971,Normal + stroma + lymphocytes
ACTGTGCTAGTAGATC-1,15613,4803,TNBC,CID44971,Normal + stroma + lymphocytes
GTTTGGCCGCTCAGCG-1,20907,5962,TNBC,CID44971,Normal + stroma + lymphocytes
TTATCCAATCGAACTC-1,8699,3666,TNBC,CID44971,Normal + stroma + lymphocytes
CCGTACCCAAGCGCCA-1,25146,6306,TNBC,CID44971,Normal + stroma + lymphocytes
CATACAAAGCCGAACC-1,14561,4832,TNBC,CID44971,Normal + stroma + lymphocytes
GGTCGGTAATTAGACA-1,28746,6409,TNBC,CID44971,Normal + stroma + lymphocytes
AGCGGGAAGGGTCCAT-1,24893,5572,TNBC,CID44971,Normal + stroma + lymphocytes
GCCCACCAAGGCTGTC-1,27500,5787,TNBC,CID44971,Normal + stroma + lymphocytes
GTAGACGTCGTTACAT-1,18475,4636,TNBC,CID44971,Normal + stroma + lymphocytes
GAGCATCATCCCTGGG-1,19322,5312,TNBC,CID44971,Normal + stroma + lymphocytes
AGGTAACCTCCTATTC-1,9494,3599,TNBC,CID44971,Normal + stroma + lymphocytes
GGTTTGAGTGCTGGAA-1,6030,2596,TNBC,CID44971,Normal + stroma + lymphocytes
GCACTAGTCGCGCTAT-1,5729,2570,TNBC,CID44971,Normal + stroma + lymphocytes
GGTAACTATGTATCTG-1,7514,2824,TNBC,CID44971,Normal + stroma + lymphocytes
GCGGTCCCTAGACGCA-1,11097,3657,TNBC,CID44971,Normal + stroma + lymphocytes
CGAGCGTTGATCAGCC-1,13694,3794,TNBC,CID44971,Normal + stroma + lymphocytes
AATCCAAGGGCCTGAG-1,9008,3361,TNBC,CID44971,Normal + stroma + lymphocytes
CCGTGCCCATGACGGC-1,6916,2651,TNBC,CID44971,Normal + stroma + lymphocytes
GAAATTCACATCGCTG-1,9785,3469,TNBC,CID44971,Normal + stroma + lymphocytes
CTCTGCGAAGCAAGCA-1,3437,1689,TNBC,CID44971,Normal + stroma + lymphocytes
AGTAGGTAACATACAT-1,3433,1663,TNBC,CID44971,Normal + stroma + lymphocytes
ATTGGGAATATCTTGG-1,1807,1022,TNBC,CID44971,Stroma + adipose tissue
TAGAGCTACGAAGAAC-1,2610,1349,TNBC,CID44971,Stroma + adipose tissue
TGCGGCATAGTTCAAC-1,1630,966,TNBC,CID44971,Stroma + adipose tissue
TAGTTTATTCTTGCTT-1,1446,816,TNBC,CID44971,Stroma + adipose tissue
GATATCTCATGCAATA-1,1550,1040,TNBC,CID44971,Stroma + adipose tissue
CGTTTAAGCGGAGCAC-1,1209,832,TNBC,CID44971,Stroma + adipose tissue
CATGCTGGCTCCAATT-1,1167,845,TNBC,CID44971,Stroma + adipose tissue
GAAACAGCCATGCAGT-1,1341,903,TNBC,CID44971,Stroma + adipose tissue
AGTTTCGCAGGTCGGA-1,857,612,TNBC,CID44971,Stroma + adipose tissue
CTCATGGCTCACAATC-1,1026,714,TNBC,CID44971,Stroma + adipose tissue
AACCGTTGTGTTTGCT-1,1008,707,TNBC,CID44971,Stroma + adipose tissue
ACCCTTCATCTGCGAA-1,1499,998,TNBC,CID44971,Stroma + adipose tissue
TGCGGTGAAATTTCAT-1,1602,1024,TNBC,CID44971,Stroma + adipose tissue
CAAATTGTCAGCAAGC-1,4717,2121,TNBC,CID44971,Stroma + adipose tissue
GAGGTACATCCATCTT-1,2215,1241,TNBC,CID44971,Stroma + adipose tissue
TCATCCCAGAGGGTGG-1,2801,1519,TNBC,CID44971,Stroma + adipose tissue
GAAACTCTAATGAAGG-1,3300,1828,TNBC,CID44971,Stroma
TTCAAGCCGAGCTGAG-1,4089,2133,TNBC,CID44971,Stroma
AGGTACGATATTGCCA-1,5101,2424,TNBC,CID44971,Stroma
TTAAGCCGACAACTTC-1,3288,1826,TNBC,CID44971,Stroma
GTCTTAGTACAGCCGG-1,4236,2055,TNBC,CID44971,Stroma
TGGGTAAGGTTCCCGC-1,3009,1729,TNBC,CID44971,Stroma
CTACGCCATTTCCGAT-1,3585,1760,TNBC,CID44971,Stroma
GACCGTCAGGTCGTGA-1,2970,1605,TNBC,CID44971,Stroma
TAGTTAAGATAGGATA-1,3038,1659,TNBC,CID44971,Stroma
GAATATTCGGAGTCCC-1,3561,1877,TNBC,CID44971,Stroma
CAAACTACGATAGAGA-1,5742,2600,TNBC,CID44971,Stroma
CAGGAAGACTTTATAT-1,3884,1957,TNBC,CID44971,Stroma
TTCGTAATCCCAGCGG-1,7107,2973,TNBC,CID44971,Stroma
GTGAGGAGCGGTTGAG-1,5423,2537,TNBC,CID44971,Stroma
CAATCCCTATACCAGC-1,16069,4852,TNBC,CID44971,Stroma
AGGGAAACGAGGTACT-1,21575,5781,TNBC,CID44971,DCIS
TCCTGCCAACTGGAGA-1,23193,5951,TNBC,CID44971,DCIS
AATTTGGGACATAGTA-1,18761,5434,TNBC,CID44971,DCIS
AACTCCTAATCCCATG-1,24903,6359,TNBC,CID44971,DCIS
GCTCATTACTGCATGT-1,21803,5825,TNBC,CID44971,DCIS
TCTCGAACGAGGTCAC-1,15127,5255,TNBC,CID44971,DCIS
TCACTACGACCAATGC-1,32062,7067,TNBC,CID44971,DCIS
AACTTGCGTTCTCGCG-1,23106,6271,TNBC,CID44971,Normal + stroma + lymphocytes
AATGAGTTCGCATATG-1,8994,3712,TNBC,CID44971,Normal + stroma + lymphocytes
CGAGGCCAGGCATTGG-1,29573,7006,TNBC,CID44971,Normal + stroma + lymphocytes
TCTGCGTCCGGTTTCT-1,3360,1898,TNBC,CID44971,Normal + stroma + lymphocytes
CAATCCTGCCGTGGAG-1,11896,4284,TNBC,CID44971,Normal + stroma + lymphocytes
CTGAGCAAGTAACAAG-1,6056,2736,TNBC,CID44971,Normal + stroma + lymphocytes
GGGTACCCACGGTCCT-1,30799,6654,TNBC,CID44971,Normal + stroma + lymphocytes
ACGGAATTTAGCAAAT-1,15533,4534,TNBC,CID44971,Normal + stroma + lymphocytes
GGGCGGTCCTATTGTC-1,18817,5093,TNBC,CID44971,Normal + stroma + lymphocytes
ATGTTACGAGCAATAC-1,18157,5121,TNBC,CID44971,Normal + stroma + lymphocytes
AACCATGGGATCGCTA-1,13884,4279,TNBC,CID44971,Normal + stroma + lymphocytes
TCGCATCCCTAAGTGT-1,11209,3735,TNBC,CID44971,Normal + stroma + lymphocytes
ACTTAGTACGACAAGA-1,8014,3318,TNBC,CID44971,Normal + stroma + lymphocytes
GAGCTCTCGGACCTAA-1,4170,2077,TNBC,CID44971,Normal + stroma + lymphocytes
TCTATTACGCTGGCGA-1,5129,2449,TNBC,CID44971,Normal + stroma + lymphocytes
AGATACGACTTCATAT-1,5157,2209,TNBC,CID44971,Normal + stroma + lymphocytes
CGCTATACCGCCCACT-1,10836,3980,TNBC,CID44971,Normal + stroma + lymphocytes
CAGTGTCCGCAGAATG-1,4597,2211,TNBC,CID44971,Normal + stroma + lymphocytes
CCATCCATACCAAGTC-1,10875,4033,TNBC,CID44971,Normal + stroma + lymphocytes
AACCCAGAGACGGAGA-1,5276,2478,TNBC,CID44971,Normal + stroma + lymphocytes
GAAGAACGGTGCAGGT-1,5409,2471,TNBC,CID44971,Normal + stroma + lymphocytes
GATAAATCGGTGGATG-1,7689,3254,TNBC,CID44971,Normal + stroma + lymphocytes
CAGCTCGTGCTTGTGT-1,11485,3797,TNBC,CID44971,Normal + stroma + lymphocytes
GAGTACGGGTATACAA-1,13420,3976,TNBC,CID44971,Normal + stroma + lymphocytes
CATCGCCCGCGGCCAA-1,6899,2961,TNBC,CID44971,Normal + stroma + lymphocytes
TCTTACAGAGGTACCG-1,11780,3678,TNBC,CID44971,Normal + stroma + lymphocytes
TGGAAGACGAACACCA-1,10720,3882,TNBC,CID44971,Normal + stroma + lymphocytes
GTTGTCGTGTTAGTTG-1,5916,2500,TNBC,CID44971,Normal + stroma + lymphocytes
CCAAGGAACAGAGAGG-1,8718,3296,TNBC,CID44971,Normal + stroma + lymphocytes
CTGCACCTGGAACCGC-1,8137,3092,TNBC,CID44971,Normal + stroma + lymphocytes
CGCTTTCATACCGGTG-1,11605,3303,TNBC,CID44971,Normal + stroma + lymphocytes
GTTCTTCCCTCGATGT-1,18579,4358,TNBC,CID44971,Normal + stroma + lymphocytes
ATTTAACTCGTATTAC-1,4437,1876,TNBC,CID44971,Stroma + adipose tissue
AACGATAGAAGGGCCG-1,7109,2389,TNBC,CID44971,Stroma + adipose tissue
TATCCTGCATGGGAAT-1,3609,1654,TNBC,CID44971,Stroma + adipose tissue
AGGCCCATTGTACAGG-1,4202,1672,TNBC,CID44971,Stroma + adipose tissue
ATCTGTAATTGTACCC-1,1876,1098,TNBC,CID44971,Stroma + adipose tissue
GAGCGAGGGAGTACCG-1,1407,879,TNBC,CID44971,Stroma + adipose tissue
TTATTAGGGAAGCATC-1,1309,850,TNBC,CID44971,Stroma + adipose tissue
CTTCTTACGTCGTATA-1,801,563,TNBC,CID44971,Stroma + adipose tissue
GAAGTGCTGGATAGCT-1,1695,996,TNBC,CID44971,Stroma + adipose tissue
GTGCAACAAATGTGGC-1,1580,1027,TNBC,CID44971,Stroma + adipose tissue
CATGCGTTAGACAGAA-1,1580,943,TNBC,CID44971,Stroma + adipose tissue
ACACACTTTCTACACG-1,1240,812,TNBC,CID44971,Stroma + adipose tissue
ATTAATTCGGTCACTC-1,1846,1150,TNBC,CID44971,Stroma + adipose tissue
ACGTTTAGTTGTGATC-1,9960,3599,TNBC,CID44971,Artefact
CTCTGTTTGAGGATTC-1,3990,2200,TNBC,CID44971,Stroma
TGGGCACGTTCTATGG-1,2083,1351,TNBC,CID44971,Stroma
ACTATTCGTCCGTGGT-1,5736,2811,TNBC,CID44971,Stroma
CCTCTGGCCTAGACGG-1,4388,2369,TNBC,CID44971,Stroma
CCATAAACAACCCGAC-1,4967,2518,TNBC,CID44971,Stroma
CATAGTACATTGAGAG-1,2435,1499,TNBC,CID44971,Stroma
ATTTCATTATTTCGCG-1,2328,1384,TNBC,CID44971,Stroma
CAACTATATCGAATGC-1,3087,1693,TNBC,CID44971,Stroma
CTAGTATTCGGAATTA-1,3052,1669,TNBC,CID44971,Stroma
GTGGAACCTACATGCG-1,1762,1058,TNBC,CID44971,Stroma
CCTAAAGGCTGACGCT-1,3857,2017,TNBC,CID44971,Stroma
CGTGACATTGGGTCGT-1,5211,2567,TNBC,CID44971,Stroma
CCAATCGGTAGATCGA-1,3120,1705,TNBC,CID44971,Stroma
ATTGTCGCAATACCTT-1,4633,2280,TNBC,CID44971,Stroma
AAATTACACGACTCTG-1,5027,2417,TNBC,CID44971,Stroma
CACTCCTCTCGGTCGG-1,6431,2845,TNBC,CID44971,Stroma
AAATAACCATACGGGA-1,12872,4422,TNBC,CID44971,Stroma
AGTTACTCTATCGTGG-1,7893,3349,TNBC,CID44971,DCIS
CGTTAGCTCACAACTG-1,12585,4411,TNBC,CID44971,DCIS
GAATGTATGGCAGGTC-1,23148,5951,TNBC,CID44971,DCIS
GCAACCACCAGACCGG-1,20327,5473,TNBC,CID44971,DCIS
TCACTCGTGCAACGGC-1,14262,5020,TNBC,CID44971,DCIS
AAACAGAGCGACTCCT-1,18188,5335,TNBC,CID44971,DCIS
CAGCCTCTCCTCAAGA-1,5033,2642,TNBC,CID44971,DCIS
TTGCGTGAACGCTTAG-1,19418,5682,TNBC,CID44971,DCIS
CCGCCTGCGAATTGGT-1,17633,5469,TNBC,CID44971,DCIS
AGATGAGGGTTGCGAT-1,12049,3853,TNBC,CID44971,DCIS
AAATGCTCGTTACGTT-1,2448,1449,TNBC,CID44971,Normal + stroma + lymphocytes
CATTTCTAGCAGACTA-1,3651,1956,TNBC,CID44971,Normal + stroma + lymphocytes
CCGAAAGTGGTGAGCA-1,5596,2545,TNBC,CID44971,Normal + stroma + lymphocytes
AGTCAGCCACCGCCTG-1,7929,3061,TNBC,CID44971,Normal + stroma + lymphocytes
TCATCACTCGAGCTCG-1,8251,3000,TNBC,CID44971,Normal + stroma + lymphocytes
CTCAGGACTCACCTGT-1,5396,2478,TNBC,CID44971,Normal + stroma + lymphocytes
CGGTGTACTTGATCCC-1,8000,3197,TNBC,CID44971,Normal + stroma + lymphocytes
CCTACGGCTCAGTCGA-1,5248,2341,TNBC,CID44971,Normal + stroma + lymphocytes
GTACTTGGGCACTTCT-1,11348,3643,TNBC,CID44971,Normal + stroma + lymphocytes
TGATTTCCTCCTGACG-1,4183,2043,TNBC,CID44971,Normal + stroma + lymphocytes
CCTCACCAATCTTGAC-1,7528,3175,TNBC,CID44971,Normal + stroma + lymphocytes
GGTGAGATGCAGATAA-1,16327,3903,TNBC,CID44971,Normal + stroma + lymphocytes
GCTAGTTTCATTGAGG-1,10844,3738,TNBC,CID44971,Normal + stroma + lymphocytes
AGGACATCGCACGTCG-1,6970,3031,TNBC,CID44971,Normal + stroma + lymphocytes
GTGGACGTGCTGAGAC-1,5091,2525,TNBC,CID44971,Normal + stroma + lymphocytes
TAAGGAACTTGTGGGA-1,8775,3453,TNBC,CID44971,Normal + stroma + lymphocytes
TCGCTGTGCGTAAATC-1,4241,2162,TNBC,CID44971,Normal + stroma + lymphocytes
GCATCCCTAACTTTGA-1,8185,3330,TNBC,CID44971,Normal + stroma + lymphocytes
CACCCACACGTCACCC-1,9312,3692,TNBC,CID44971,Normal + stroma + lymphocytes
CCCTCATTCTGGAATT-1,9786,3675,TNBC,CID44971,Normal + stroma + lymphocytes
AGGGCGTGATCGGCTA-1,8883,3301,TNBC,CID44971,Normal + stroma + lymphocytes
GGTGCGGATAAGTGGC-1,18649,4806,TNBC,CID44971,Normal + stroma + lymphocytes
TAATATTGAAATTCGC-1,11155,3765,TNBC,CID44971,Normal + stroma + lymphocytes
CTTACACTGGGAAATA-1,7401,2852,TNBC,CID44971,Normal + stroma + lymphocytes
ACCAAGAACGCGTGTC-1,5169,2306,TNBC,CID44971,Normal + stroma + lymphocytes
GCCTTCAGCCCTACCG-1,15520,4124,TNBC,CID44971,Normal + stroma + lymphocytes
GATGCTACAAGCGCCT-1,6610,2625,TNBC,CID44971,Normal + stroma + lymphocytes
CCGGGACCCGCAGAGA-1,33245,5515,TNBC,CID44971,Normal + stroma + lymphocytes
GTTCCAGTCTGACCAT-1,4857,2191,TNBC,CID44971,Normal + stroma + lymphocytes
ATGATCGGGAATAGAC-1,6000,2173,TNBC,CID44971,Stroma + adipose tissue
TTGGATTGGGTACCAC-1,2098,1331,TNBC,CID44971,Stroma + adipose tissue
TACCTCACGCTTGTAC-1,1871,1029,TNBC,CID44971,Stroma + adipose tissue
ATGACGCCGGCTCTAA-1,1506,966,TNBC,CID44971,Stroma + adipose tissue
AGTAATGTCTTGCCGC-1,1804,1037,TNBC,CID44971,Stroma + adipose tissue
ACGCCAGATGATTTCT-1,1829,1235,TNBC,CID44971,Stroma
AGCTATTTAATCCAAC-1,2027,1341,TNBC,CID44971,Stroma
CCACGAGAAGAGAATC-1,2107,1410,TNBC,CID44971,Stroma
GATTCCGCGTTTCCGT-1,1676,1089,TNBC,CID44971,Stroma
GTCGGATGTAGCGCGC-1,2725,1607,TNBC,CID44971,Stroma
TATTTATACCGAGTAG-1,2142,1271,TNBC,CID44971,Stroma
GTAGGTGATCCGTGTA-1,1827,1106,TNBC,CID44971,Stroma
AGTTAAGCGGTCCCGG-1,1364,880,TNBC,CID44971,Stroma
CTGGCGACATAAGTCC-1,5405,2601,TNBC,CID44971,Stroma
TTGGCCTAGAATTTCG-1,6888,2938,TNBC,CID44971,Stroma
GGCATATCGGTTCTGC-1,6991,2880,TNBC,CID44971,Stroma
GGGCGTCCACTGGCTC-1,6134,2676,TNBC,CID44971,Stroma
TTACCCATTGCCGGGT-1,16228,4729,TNBC,CID44971,Stroma
TTAGACACGATCGTTG-1,8162,3210,TNBC,CID44971,Stroma
GCGCTGATCCAGACTC-1,13885,4244,TNBC,CID44971,DCIS
TTCGGCAACCCGCTGA-1,7831,3105,TNBC,CID44971,DCIS
GATATTTCCTACATGG-1,14662,4442,TNBC,CID44971,DCIS
CTGCGTTACGATATAA-1,21158,5614,TNBC,CID44971,DCIS
TAATAAACAAGGAGAT-1,29090,6851,TNBC,CID44971,DCIS
AACCTTTACGACGTCT-1,16138,5160,TNBC,CID44971,DCIS
AGTCCCGCCTTTAATT-1,14064,4685,TNBC,CID44971,DCIS
TGAGATTAGGCCCTAA-1,19464,5765,TNBC,CID44971,DCIS
AGTGTATTGCGCATTG-1,15694,5358,TNBC,CID44971,DCIS
GTTGGATTCAGTGGCT-1,7034,3480,TNBC,CID44971,DCIS
TAAAGCTGCAATAGGG-1,28565,7165,TNBC,CID44971,DCIS
AGTAGGAAGGAAGTTG-1,17439,5168,TNBC,CID44971,DCIS
TATCACTTCGAGTAAC-1,9465,3717,TNBC,CID44971,DCIS
ATAATAGTGTAGGGAC-1,10956,3774,TNBC,CID44971,Normal + stroma + lymphocytes
ATATTGCTGTCAAAGT-1,13010,4331,TNBC,CID44971,Normal + stroma + lymphocytes
TATACACGCAAAGTAT-1,13022,4351,TNBC,CID44971,Normal + stroma + lymphocytes
CCTTCTTGATCCAGTG-1,2469,1565,TNBC,CID44971,Stroma
CCTCGCCAGCAAATTA-1,1882,1275,TNBC,CID44971,Stroma
TTCATGGCGCAACAGG-1,1549,1071,TNBC,CID44971,Stroma
TTAATCAGTACGTCAG-1,1688,1094,TNBC,CID44971,Stroma
CCTATCTATATCGGAA-1,1567,1001,TNBC,CID44971,Stroma
ATTATACTTTGCTCGT-1,5501,2554,TNBC,CID44971,Stroma
ATGGATCCGGCGTCCG-1,2524,1469,TNBC,CID44971,Stroma
CGCCCGCTTCCGTACA-1,4086,1988,TNBC,CID44971,Stroma
GGATTCCGCTATACCC-1,3021,1723,TNBC,CID44971,Stroma
CGGTCTATCAACCCGT-1,5109,2354,TNBC,CID44971,Stroma
ATGCCGGTTGATGGGA-1,4565,2305,TNBC,CID44971,Stroma
TCATGCAGGTTCTCAT-1,9313,3378,TNBC,CID44971,Stroma
TGAGCTTTAATGACGC-1,11360,3755,TNBC,CID44971,DCIS
TCCCTTAGATTACTCG-1,13620,4447,TNBC,CID44971,DCIS
ATATCTCCCTCGTTAA-1,24105,5904,TNBC,CID44971,DCIS
AGCTCTTCCCAGTGCA-1,15546,4717,TNBC,CID44971,DCIS
TCGCTAAACCGCTATC-1,30463,6515,TNBC,CID44971,DCIS
CACATTCTTTCGATGG-1,23846,6108,TNBC,CID44971,DCIS
GATATGCGGTAGCCAA-1,23035,5783,TNBC,CID44971,DCIS
CGTTTCACTTCGGGCG-1,18216,5076,TNBC,CID44971,DCIS
CCAATTACGGGTCGAG-1,14152,4592,TNBC,CID44971,DCIS
GCAGGTAGAGTATGGT-1,16404,5132,TNBC,CID44971,DCIS
GTCGTATTGGCGTACA-1,13617,4806,TNBC,CID44971,DCIS
GAAATTAGCACGGATA-1,18292,5884,TNBC,CID44971,DCIS
AATGCACCAAGCAATG-1,18276,5495,TNBC,CID44971,DCIS
AGGACGCTCGATGTTG-1,10782,4053,TNBC,CID44971,DCIS
GGCTAAAGGGCGGGTC-1,16749,5003,TNBC,CID44971,DCIS
CATCTATCCCGTGTCT-1,11102,4009,TNBC,CID44971,DCIS
CCCGACCATAGTCCGC-1,1897,1270,TNBC,CID44971,Stroma
CGCGCCCGACTTAATA-1,2922,1777,TNBC,CID44971,Stroma
TGCCACCTGGCGAAAC-1,1661,1084,TNBC,CID44971,Stroma
CTGCCAAGGTTGGAAG-1,4085,2004,TNBC,CID44971,Stroma
TCTCCAACGTAGGTTA-1,1812,1167,TNBC,CID44971,Stroma
TTCTTGGAGTAATGAG-1,4080,2030,TNBC,CID44971,Stroma
GTCTCGATCTGCTTTC-1,2141,1310,TNBC,CID44971,Stroma
TACTCTCCGAACAAAT-1,4116,2113,TNBC,CID44971,Stroma
ATCACATTAGAATATC-1,3562,1978,TNBC,CID44971,Stroma
TACGGGATGCTAGCAG-1,5975,2728,TNBC,CID44971,Stroma
AGCTGAAGTAAACCAA-1,18162,5090,TNBC,CID44971,Stroma
CATGGGTCGGGTGTGG-1,25529,5998,TNBC,CID44971,DCIS
CACCCACGAGGCAATT-1,21401,5408,TNBC,CID44971,DCIS
TGCCATTACTAAAGAA-1,24642,6200,TNBC,CID44971,DCIS
CCGTTACGTTAGAACA-1,27235,6321,TNBC,CID44971,DCIS
GCCAGGAGTAACCGAT-1,32829,6675,TNBC,CID44971,DCIS
GGAAAGTGCCCATGCC-1,28973,6535,TNBC,CID44971,DCIS
TCTTACCGGAACTCGT-1,12747,4262,TNBC,CID44971,DCIS
TATGTCAAGACCGACT-1,23248,6023,TNBC,CID44971,DCIS
CCTAACTAAGGCTCTA-1,23259,5822,TNBC,CID44971,DCIS
GCGGTGAACTGCGCTC-1,28439,6394,TNBC,CID44971,DCIS
CCTCGCGCGATATAGG-1,27037,6275,TNBC,CID44971,DCIS
ATCGGCAAGCAGTCCA-1,14461,4753,TNBC,CID44971,DCIS
AGATCGTGCATAAGAT-1,20538,5902,TNBC,CID44971,DCIS
ATTCAGGACCTATTTC-1,16891,5167,TNBC,CID44971,DCIS
AGCTAGAAGCAGAAGT-1,24762,6338,TNBC,CID44971,DCIS
TTCGCTATCTGACGTG-1,13125,4496,TNBC,CID44971,DCIS
TTCCGCAGAGAAATAT-1,22886,5977,TNBC,CID44971,Lymphocytes
CAGTACATTCTCTAAA-1,10175,3735,TNBC,CID44971,Lymphocytes
GTGAAGATTTCAAGTG-1,21331,5646,TNBC,CID44971,Lymphocytes
AGGTTGAGGCACGCTT-1,2550,1575,TNBC,CID44971,Stroma
TCCCGTCAGTCCCGCA-1,2845,1684,TNBC,CID44971,Stroma
TCCGATGACTGAGCTC-1,2372,1464,TNBC,CID44971,Stroma
CAGCCTCCTGCAGAGG-1,4013,2137,TNBC,CID44971,Stroma
CTTAGCCTTCCACATG-1,2773,1571,TNBC,CID44971,Stroma
ATTAATGAACCAGTCG-1,3838,2028,TNBC,CID44971,Stroma
ACGATACATAGAACTA-1,4141,2161,TNBC,CID44971,Stroma
AGCCACTCCCGTGCTT-1,2671,1673,TNBC,CID44971,Lymphocytes
ATACGGGTTTCGATTG-1,2887,1628,TNBC,CID44971,Stroma
CTGTCAAATGGCTCGG-1,3940,2228,TNBC,CID44971,Lymphocytes
GCTCGGAATTTAAAGC-1,4515,2274,TNBC,CID44971,DCIS
TAGGCATGTTACGCCA-1,3221,1782,TNBC,CID44971,Lymphocytes
TGGCAACTCGCGCGCC-1,3695,2070,TNBC,CID44971,Lymphocytes
ATCAGTAGGCAGGGAT-1,4743,2381,TNBC,CID44971,Lymphocytes
TATCGATCTATGCATA-1,7422,3280,TNBC,CID44971,Lymphocytes
CGACTCAGGATGTTAT-1,6710,2945,TNBC,CID44971,Stroma
GCCATATTGCACACAG-1,6086,2894,TNBC,CID44971,Stroma
AATTCATAAGGGATCT-1,3482,1963,TNBC,CID44971,Stroma
CGGTAGAGGTGCAGGT-1,8437,3373,TNBC,CID44971,Stroma
AATGATGATACGCTAT-1,3234,1848,TNBC,CID44971,Stroma
CTTGTGCTCACCGATT-1,7046,3257,TNBC,CID44971,Stroma
TTCCAATCAGAGCTAG-1,3220,1651,TNBC,CID44971,Stroma
CGATGGACCCTACGCC-1,9688,3901,TNBC,CID44971,Stroma
GGTCGGATAAACGGCG-1,8615,3631,TNBC,CID44971,Stroma
TTAGCTAATACGATCT-1,10205,4092,TNBC,CID44971,Stroma
CTCGATATTTGCGAGC-1,5454,2755,TNBC,CID44971,Stroma
ATTACTTACTGGGCAT-1,18963,5393,TNBC,CID44971,DCIS
CTAGCCGATGTTATGA-1,8786,3794,TNBC,CID44971,DCIS
TACTGCAATCAATTAC-1,22381,5954,TNBC,CID44971,Lymphocytes
TAGTCTGTGACGTTGC-1,12043,4532,TNBC,CID44971,DCIS
CTCGTTTCTAATGTTT-1,20296,5569,TNBC,CID44971,Lymphocytes
TTCGTTCAACGAAGTT-1,11487,4273,TNBC,CID44971,DCIS
TGCAGGATCGGCAAAG-1,9173,3545,TNBC,CID44971,Stroma
ATAACGGAGTCCAACG-1,25371,6397,TNBC,CID44971,DCIS
AACGATATGTCAACTG-1,17164,5124,TNBC,CID44971,DCIS
GACAACGACCATTGAA-1,22132,5683,TNBC,CID44971,DCIS
TTGACCATGTTCTCCG-1,13656,4516,TNBC,CID44971,Stroma
AGTACGGGCACCTGGC-1,29984,6502,TNBC,CID44971,DCIS
CGCCATCCGATTATGA-1,3554,2009,TNBC,CID44971,Lymphocytes
AAGGTATCCTAATATA-1,5376,2537,TNBC,CID44971,Stroma
TGTTGTCAAGAAGTCT-1,2199,1441,TNBC,CID44971,Lymphocytes
CAGTGAATAAATGACT-1,3502,1860,TNBC,CID44971,Stroma
CACCTTGCGAAACTCG-1,3181,1737,TNBC,CID44971,Lymphocytes
CATTTAGCGGACCATG-1,7108,2886,TNBC,CID44971,Stroma
CCAGTCTAGACGGCGC-1,9485,3490,TNBC,CID44971,Stroma
TCGCTTTAAACGTTTG-1,15598,4896,TNBC,CID44971,Stroma
GTGAAACGGCGCCACC-1,15229,4326,TNBC,CID44971,Stroma
GGGCTCATCGAACCCA-1,3172,1780,TNBC,CID44971,Stroma
TTGATGTGTAGTCCCG-1,4353,2038,TNBC,CID44971,Stroma
CAGTAGCCCACGCGGT-1,2545,1488,TNBC,CID44971,Stroma
AGCGCGGGTGCCAATG-1,2999,1691,TNBC,CID44971,Stroma
TAATCGATCCGTACGT-1,4322,2203,TNBC,CID44971,Stroma
AGTGGCGGCAATTTGA-1,3268,1816,TNBC,CID44971,Stroma
CCTTTCAATGAAGAAA-1,5948,2750,TNBC,CID44971,Stroma
CTCAGTCACGACAAAT-1,5980,2657,TNBC,CID44971,Lymphocytes
ATAGGCTAGCTTCGCA-1,4855,2537,TNBC,CID44971,Lymphocytes
CGGTTCAAGTAGGTGT-1,6523,2868,TNBC,CID44971,Lymphocytes
CAGTCGAGGATGCAAT-1,7971,3325,TNBC,CID44971,Lymphocytes
TATCACCCAACCGACC-1,6602,3124,TNBC,CID44971,Stroma
AATGATGCGACTCCTG-1,9447,3896,TNBC,CID44971,Stroma
TGGAACCACTGACACA-1,10595,4247,TNBC,CID44971,DCIS
GCCAATAGGGCATCTC-1,13532,4811,TNBC,CID44971,DCIS
TTCTTTGGTCGCGACG-1,13022,4377,TNBC,CID44971,DCIS
ATTAGATTCCTCAGCA-1,10638,4016,TNBC,CID44971,DCIS
GGGTCGTGGCAAGTGT-1,18065,5018,TNBC,CID44971,DCIS
CAATAAACCTTGGCCC-1,20199,5527,TNBC,CID44971,DCIS
ACTTCGCCATACGCAC-1,14977,4806,TNBC,CID44971,DCIS
ATCTGGTTAAGACTGT-1,26804,6700,TNBC,CID44971,DCIS
TCGTAAGACGACATTG-1,17409,5137,TNBC,CID44971,DCIS
GTGTACCTTGGCTACG-1,27516,6238,TNBC,CID44971,DCIS
GCCCGTAATACCTTCT-1,18073,5056,TNBC,CID44971,DCIS
CGGTCAAGTGGGAACC-1,17563,5027,TNBC,CID44971,DCIS
TTGTAAGGCCAGTTGG-1,15214,4533,TNBC,CID44971,DCIS
GGAGCACCAAGAACTA-1,6619,2804,TNBC,CID44971,Stroma
TAATAGTGACGACCAG-1,10641,3604,TNBC,CID44971,Stroma
CTAAATCCTATTCCGG-1,5265,2456,TNBC,CID44971,Stroma
CGAGTTCTGTCCCACC-1,2878,1657,TNBC,CID44971,Stroma
AGGCAGATGCGTAAAC-1,14494,4654,TNBC,CID44971,Stroma
AAGGATGAGGGACCTC-1,3323,1799,TNBC,CID44971,Stroma
AGAGAACCGTCTAGGA-1,3571,1894,TNBC,CID44971,Stroma
GAGGGCGCAGCTCTGC-1,1917,1161,TNBC,CID44971,Stroma
AAGATTGGCGGAACGT-1,3579,1815,TNBC,CID44971,Stroma
CCAGTAGTCTGATCCA-1,4964,2214,TNBC,CID44971,Stroma
AAGGGACAGATTCTGT-1,9084,3305,TNBC,CID44971,Stroma
ATAGAGTTATCAACTT-1,20096,5322,TNBC,CID44971,DCIS
AAATTACCTATCGATG-1,12795,4163,TNBC,CID44971,DCIS
GATCCTAAATCGGGAC-1,17244,4934,TNBC,CID44971,DCIS
TTACAGACCTAAATGA-1,14218,4582,TNBC,CID44971,DCIS
CCTCACCTTAGCATCG-1,13486,4188,TNBC,CID44971,DCIS
CATGCGACCAGTTTAA-1,13043,4397,TNBC,CID44971,DCIS
AACATATCAACTGGTG-1,19238,5524,TNBC,CID44971,DCIS
CTATAAGAGCCAATCG-1,10766,4068,TNBC,CID44971,DCIS
AATATCGAGGGTTCTC-1,10430,4020,TNBC,CID44971,DCIS
GTACTCCTGGGTATGC-1,11050,4309,TNBC,CID44971,Stroma
ATAAGTAGGATTCAGA-1,16783,5446,TNBC,CID44971,Stroma
AGGTCGCGGAGTTACT-1,14705,5042,TNBC,CID44971,DCIS
CTAATTCTCAGATATT-1,21467,5979,TNBC,CID44971,DCIS
GCCAACCATTTCCGGA-1,12595,4425,TNBC,CID44971,DCIS
TGATCCCAGCATTAGT-1,13219,4445,TNBC,CID44971,DCIS
GAAACCATGGTGCGCT-1,27088,6319,TNBC,CID44971,DCIS
TGGCCAAACTGAAGTA-1,28752,6557,TNBC,CID44971,DCIS
GCTTCCGTCCCTAGAC-1,12294,4436,TNBC,CID44971,DCIS
CAGCAGCCCGTTCCTT-1,16681,4923,TNBC,CID44971,DCIS
TGTATAACAGATCCTG-1,21205,6080,TNBC,CID44971,DCIS
CGCGGGAATTAGGCAG-1,20767,5487,TNBC,CID44971,DCIS
TGCATGTGGTAATCTA-1,15258,4587,TNBC,CID44971,DCIS
ACAATTTGAGCAGTGG-1,32263,6649,TNBC,CID44971,DCIS
GAGCTAAGGGCATATC-1,5483,2488,TNBC,CID44971,DCIS
CCAGATAGTTGAGTGA-1,2523,1473,TNBC,CID44971,DCIS
CCACAATGTACGTCTT-1,2848,1497,TNBC,CID44971,DCIS
CAATGGATCTCTACCA-1,2666,1547,TNBC,CID44971,DCIS
TGTGGCAAAGCGTATG-1,1813,1191,TNBC,CID44971,Lymphocytes
TAAAGCGTTAGGAGAA-1,4274,2075,TNBC,CID44971,Lymphocytes
TCCGTTTAGCCTTGAA-1,4367,2271,TNBC,CID44971,Lymphocytes
CAGCTCGACAAGTTAA-1,2483,1471,TNBC,CID44971,Lymphocytes
GCCTATAGTGTCAGGG-1,4028,2109,TNBC,CID44971,Lymphocytes
ATAGACAACGGGACCT-1,4896,2385,TNBC,CID44971,DCIS
CTACTATCTTTCAGAG-1,6937,2811,TNBC,CID44971,DCIS
GCGCTGCTTTGCATTT-1,9023,3103,TNBC,CID44971,DCIS
GCGCATCCAGTCAGCA-1,8591,3103,TNBC,CID44971,DCIS
GACTCGCGGGAATGAC-1,10659,3640,TNBC,CID44971,DCIS
CTGGTAACGAGCTCTT-1,9490,3462,TNBC,CID44971,DCIS
TCCGGCCTAGCGTACA-1,14983,4439,TNBC,CID44971,DCIS
TCTAGGTGGCGACGCT-1,12255,4168,TNBC,CID44971,DCIS
ACGCTAGTGATACACT-1,11213,4202,TNBC,CID44971,DCIS
ATCTGCACCTCTGCGA-1,10732,4001,TNBC,CID44971,DCIS
CCTCACCTGAGGGAGC-1,13631,4703,TNBC,CID44971,DCIS
AGTGAGCCTCGCCGCC-1,14416,4623,TNBC,CID44971,DCIS
ACGAGTACGGATGCCC-1,16522,5131,TNBC,CID44971,Stroma
GGTACCATTAAGACGG-1,7928,3489,TNBC,CID44971,Stroma
TTCTGCTAGACTCCAA-1,8740,3552,TNBC,CID44971,DCIS
TAACTATTACGCCAAA-1,15206,5124,TNBC,CID44971,Stroma
GCATTCAAGGCAACGC-1,16782,5188,TNBC,CID44971,DCIS
AGTACATCATTTATCA-1,20592,5830,TNBC,CID44971,DCIS
TTGTTGTGTGTCAAGA-1,12859,4475,TNBC,CID44971,DCIS
ACTGTACGATACACAT-1,17493,5442,TNBC,CID44971,DCIS
TCCACTTTATCTAGGT-1,12179,4358,TNBC,CID44971,DCIS
GGTCTGAGAATCTGGA-1,16246,5211,TNBC,CID44971,DCIS
TAGAAAGGTGGCGCTA-1,20413,5394,TNBC,CID44971,DCIS
TATGTCTCATTGTGCC-1,21812,5418,TNBC,CID44971,DCIS
GGATTTCACTTCTATA-1,15218,4780,TNBC,CID44971,DCIS
TGAGTGGTCCGTGACG-1,6040,2688,TNBC,CID44971,DCIS
CGCTTTCTTGCATTCG-1,13870,4445,TNBC,CID44971,DCIS
ACCCAACGCCCGTGGC-1,5840,2472,TNBC,CID44971,Lymphocytes
GAACGTCTCATGGTCG-1,7720,3296,TNBC,CID44971,Lymphocytes
AGGGTTCCCTTTGGTT-1,3338,1847,TNBC,CID44971,Lymphocytes
GTAGCTTCCTCTTGTT-1,11879,3948,TNBC,CID44971,DCIS
GCATGAGGGACGCGGC-1,16832,4899,TNBC,CID44971,Lymphocytes
CTACCCTAAGGTCATA-1,18428,5081,TNBC,CID44971,DCIS
TCACCGCTCGGCACTC-1,12376,3909,TNBC,CID44971,DCIS
GGCTCGCGTTGAGGTA-1,7321,2999,TNBC,CID44971,DCIS
CTAACGAAACTTGCTG-1,23401,5464,TNBC,CID44971,DCIS
TTAAACTCGAATTCAT-1,6450,2936,TNBC,CID44971,DCIS
TACTTTACTGAGCCGG-1,12243,3933,TNBC,CID44971,DCIS
GCTTGGATCGATTAGG-1,7066,2906,TNBC,CID44971,DCIS
CGGTTATCCAACAGTG-1,16250,5058,TNBC,CID44971,DCIS
CAGACCTGTAAGTGTT-1,17110,5003,TNBC,CID44971,DCIS
GACGGTCAATAGAAGC-1,19062,5280,TNBC,CID44971,DCIS
CTGACTGCGCAGCTCG-1,24062,5995,TNBC,CID44971,DCIS
CCATACCTTTACTTGT-1,14345,4612,TNBC,CID44971,DCIS
GTAATAAAGGGCTCCC-1,11453,4405,TNBC,CID44971,DCIS
GTGAACTCCCATTCGA-1,9966,3903,TNBC,CID44971,DCIS
GTGGTTACTTCTTTCG-1,8770,3693,TNBC,CID44971,DCIS
TCAGAACCTCCACAGG-1,10091,4053,TNBC,CID44971,Stroma
TCCCACTCTCTTCCGG-1,10770,4012,TNBC,CID44971,Stroma
ATCTTGACTTGTCCAA-1,9431,3860,TNBC,CID44971,DCIS
TCGGGAACGTGCCTAG-1,12125,4403,TNBC,CID44971,DCIS
GTTAGCCGTAAATCAA-1,22525,6230,TNBC,CID44971,DCIS
ATTTACTAAGTCCATT-1,15804,4932,TNBC,CID44971,DCIS
GGAGGGCTTGGTTGGC-1,13081,4658,TNBC,CID44971,DCIS
TCGGACGCCCAGCCCA-1,12012,4255,TNBC,CID44971,DCIS
TCTGTGCCATCATAGT-1,7779,3287,TNBC,CID44971,DCIS
GTACTGGAGTTAGACC-1,21754,5727,TNBC,CID44971,DCIS
GGAATGCGCTAGCGTG-1,21594,5561,TNBC,CID44971,DCIS
GTGTGAATAACTTAGG-1,18577,5734,TNBC,CID44971,DCIS
GGTCGGCCAGGAGCTT-1,30882,6268,TNBC,CID44971,DCIS
TAGCCGGCGGTCAGCG-1,18836,5256,TNBC,CID44971,DCIS
CGGGTGTACCCATTTA-1,5647,2607,TNBC,CID44971,DCIS
AGTGATTCAAGCAGGA-1,16999,5063,TNBC,CID44971,DCIS
GTTGGATTGAGAACAC-1,17085,4836,TNBC,CID44971,DCIS
CACACGCGCTGTCTTA-1,10313,3736,TNBC,CID44971,DCIS
TAGACGCCCGTACCGG-1,13093,3969,TNBC,CID44971,DCIS
GGTTTCAATCGGTCAG-1,15983,4415,TNBC,CID44971,DCIS
AATCTGCGTTGGGACG-1,10708,3651,TNBC,CID44971,DCIS
TTACGGATGGTTCGAG-1,17277,4795,TNBC,CID44971,DCIS
CGGCAGGGTCGGGTTG-1,5393,2330,TNBC,CID44971,DCIS
GCTTTCAGAGGAGGTG-1,11759,3943,TNBC,CID44971,DCIS
TCTTCCCATGGGCACA-1,4643,2375,TNBC,CID44971,DCIS
TACCGCGGACTTGCAG-1,18773,5191,TNBC,CID44971,DCIS
AGAATTATGGATTCGA-1,5018,2555,TNBC,CID44971,DCIS
ATTGATGAGTCCTAAC-1,12942,4614,TNBC,CID44971,Lymphocytes
TAGGTCGCCGGAACTG-1,10740,4175,TNBC,CID44971,DCIS
TAACCTACCGTCCGAG-1,7350,3092,TNBC,CID44971,Lymphocytes
CTTAGTAGGCCTACAG-1,12449,4659,TNBC,CID44971,DCIS
CTAGATGTGAGTGTAA-1,10757,4148,TNBC,CID44971,DCIS
ACTCCCGAATTCGTTT-1,10176,3818,TNBC,CID44971,DCIS
GTTCATCGTTTGGCTG-1,14042,4543,TNBC,CID44971,DCIS
ACTTTACCCTCATGAA-1,13048,4385,TNBC,CID44971,DCIS
GCGAGAGTTGCGTCCA-1,11635,4441,TNBC,CID44971,DCIS
GTTCGGGCGTACCATT-1,7543,3062,TNBC,CID44971,DCIS
CGACTTTGTATAGCCT-1,16808,5331,TNBC,CID44971,DCIS
GCCATCGATGCTGCAT-1,16238,5260,TNBC,CID44971,DCIS
GCATTTCCAAGGCTCC-1,39437,7695,TNBC,CID44971,DCIS
ATGTAAGGCTGCTCTT-1,33107,6611,TNBC,CID44971,DCIS
GCTAAGTAGTTTCTCT-1,8508,3764,TNBC,CID44971,DCIS
ATAACGCCGGAGGGTC-1,15247,4843,TNBC,CID44971,DCIS
GGATCCGGAATATACT-1,27094,6476,TNBC,CID44971,DCIS
TGAAAGGACCTGACTC-1,15165,4904,TNBC,CID44971,DCIS
TCCGCGGCAGCATCTG-1,17141,5303,TNBC,CID44971,DCIS
TGCATATGTCTGTCAC-1,14063,4946,TNBC,CID44971,DCIS
TGTAGGAGAAATTTCC-1,21270,5779,TNBC,CID44971,DCIS
AGTGAGACTTCCAGTA-1,16741,5149,TNBC,CID44971,DCIS
CCCAAACATGCTGCTC-1,19841,5153,TNBC,CID44971,DCIS
GCTTATGAAGCAGGAA-1,9596,3614,TNBC,CID44971,DCIS
TTCTAACCGAAGCTTA-1,11909,4015,TNBC,CID44971,DCIS
GGATGTCCTTACCGCA-1,19786,5352,TNBC,CID44971,DCIS
AGGGTGCTCTCGAGGG-1,13952,4120,TNBC,CID44971,DCIS
AACTCTCAATAGAGCG-1,6975,2964,TNBC,CID44971,DCIS
TCTGAATTCCGTACAA-1,21697,5513,TNBC,CID44971,DCIS
GCGTGGTACTGGGTTA-1,2732,1574,TNBC,CID44971,DCIS
CGTCGGATAGTGTTGA-1,8356,3347,TNBC,CID44971,DCIS
ATATGTCTCCCTAGCC-1,4122,2014,TNBC,CID44971,Lymphocytes
TCTTTAAGACTATGAA-1,20032,5591,TNBC,CID44971,Lymphocytes
TCATTTAAGTCTCCGA-1,4467,2349,TNBC,CID44971,Lymphocytes
GATATTGAGATTGGCG-1,12794,4496,TNBC,CID44971,Lymphocytes
TGACATCGAGCGGACC-1,7877,3611,TNBC,CID44971,Lymphocytes
GCGTAAATGGCCATAA-1,8323,3440,TNBC,CID44971,Lymphocytes
ATTGTACAACTCGGCT-1,13538,4861,TNBC,CID44971,Lymphocytes
TACGCTATAGAAACCT-1,13789,4605,TNBC,CID44971,DCIS
CACCCAAATCTTATGT-1,12226,4383,TNBC,CID44971,Lymphocytes
AGATGATGGAGTCTGG-1,16683,5168,TNBC,CID44971,DCIS
CCACGGTGCCCGGTAG-1,18675,5559,TNBC,CID44971,DCIS
TCAAGAAATACTAGCT-1,16359,5410,TNBC,CID44971,DCIS
AGGTATAATTGATAGT-1,14258,4898,TNBC,CID44971,DCIS
CAAGGTCCTATAGGCT-1,9142,3998,TNBC,CID44971,DCIS
CCGGCACGACCGTTTC-1,23837,6504,TNBC,CID44971,DCIS
ACCTCCGTTATTCACC-1,41724,7867,TNBC,CID44971,DCIS
AAGAGGCATGGATCGC-1,27870,6494,TNBC,CID44971,DCIS
CTATTTGGTTACGGAT-1,7815,3461,TNBC,CID44971,DCIS
GTACAGAGGCAAGGGT-1,13346,4944,TNBC,CID44971,Invasive cancer + lymphocytes
GGGCCGGCCGAAGTAC-1,24018,6419,TNBC,CID44971,DCIS
CCTGAACGATATATTC-1,17161,5266,TNBC,CID44971,Invasive cancer + lymphocytes
CCGGGCTGCTCCATAC-1,19235,5683,TNBC,CID44971,DCIS
TACTTGTTAGTAGTCC-1,18467,5424,TNBC,CID44971,Invasive cancer + lymphocytes
CCTAGGCGTAGCGATC-1,6281,2899,TNBC,CID44971,DCIS
CTGGCGCACAGGTCTG-1,11031,4287,TNBC,CID44971,DCIS
ACTTATACTTACCCGG-1,11787,4340,TNBC,CID44971,DCIS
GAAGTCTCCCTAGCGA-1,12931,4436,TNBC,CID44971,DCIS
ACCGATGGTAGCATCG-1,16748,4819,TNBC,CID44971,DCIS
CGAGTTTATCGGACTG-1,17275,4886,TNBC,CID44971,DCIS
CATAACGGACAGTCGT-1,15817,4588,TNBC,CID44971,DCIS
TGACGATGCACTAGAA-1,13465,4411,TNBC,CID44971,DCIS
TAGGGAGCTTGGGATG-1,4408,2306,TNBC,CID44971,Lymphocytes
AGGGTCGATGCGAACT-1,8208,3308,TNBC,CID44971,DCIS
TATATCCCTGGGAGGA-1,5781,2838,TNBC,CID44971,Lymphocytes
CATCTTACACCACCTC-1,6457,3052,TNBC,CID44971,Lymphocytes
GTGCGACAGGGAGTGT-1,8447,3528,TNBC,CID44971,Lymphocytes
CCGATCTCAACCTTAT-1,15524,5078,TNBC,CID44971,Lymphocytes
ACGATCATCTTGTAAA-1,29703,6970,TNBC,CID44971,DCIS
GAAAGAACAGCGTTAT-1,23708,6219,TNBC,CID44971,DCIS
CTAGGTCTGAAGGAAT-1,23967,6340,TNBC,CID44971,DCIS
ATATCAACCTACAGAG-1,16098,5365,TNBC,CID44971,DCIS
AAATAGCTTAGACTTT-1,13271,4700,TNBC,CID44971,DCIS
GCGACATGTAAACATC-1,18388,5626,TNBC,CID44971,DCIS
ATAAGTAGGGCGACTC-1,13135,4838,TNBC,CID44971,DCIS
GCGAGCGCATGCTCCC-1,22858,6308,TNBC,CID44971,DCIS
AGGGACCGGCTGCGTT-1,17056,5436,TNBC,CID44971,DCIS
CCTATGAAGTGGTGCC-1,17733,5681,TNBC,CID44971,DCIS
GCTTACGTAGTTAGTA-1,31712,7581,TNBC,CID44971,DCIS
TTATGATCTTAACGAA-1,11512,4446,TNBC,CID44971,Invasive cancer + lymphocytes
CGCCGCCCATGCCTGT-1,12923,4638,TNBC,CID44971,Invasive cancer + lymphocytes
CTGGGATAAATAATGG-1,15869,5480,TNBC,CID44971,Invasive cancer + lymphocytes
GTGCCCGTTCGGATTC-1,14551,4813,TNBC,CID44971,Invasive cancer + lymphocytes
TTCAATACTCTGAATC-1,26543,6689,TNBC,CID44971,Invasive cancer + lymphocytes
CGCACATGTCCACTAC-1,18684,5352,TNBC,CID44971,Invasive cancer + lymphocytes
AGAAGAGCGCCGTTCC-1,1198,709,TNBC,CID44971,Invasive cancer + lymphocytes
GATAACTCGCACTGTG-1,16211,4864,TNBC,CID44971,Invasive cancer + lymphocytes
AGTCGACGGTCTCAAG-1,14977,4673,TNBC,CID44971,DCIS
GTGACCGCACACTACG-1,10812,3989,TNBC,CID44971,DCIS
GTATGTGGGTCTAGTT-1,16854,4955,TNBC,CID44971,DCIS
CTTGAGTTAGGGTAAT-1,8429,3547,TNBC,CID44971,DCIS
TTAGCTGATTTGCCGT-1,14553,4504,TNBC,CID44971,DCIS
GCTGTTGCTACCGAAC-1,11079,3970,TNBC,CID44971,DCIS
TATTACCATCCTGCTT-1,17659,5248,TNBC,CID44971,DCIS
TTGAATTCACGTGAGG-1,10842,3923,TNBC,CID44971,DCIS
CCATCTCACCAGTGAA-1,12172,4335,TNBC,CID44971,DCIS
CGCACGTGCGCTATCA-1,18968,5395,TNBC,CID44971,DCIS
ACCCGGATGACGCATC-1,8844,3719,TNBC,CID44971,Lymphocytes
CGCTAGAGACCGCTGC-1,11350,4363,TNBC,CID44971,DCIS
ATAGTTCCACCCACTC-1,18432,5643,TNBC,CID44971,Lymphocytes
GCAGACCCAGCACGTA-1,15732,5212,TNBC,CID44971,DCIS
TAGACTACCTAGCGTT-1,17695,5498,TNBC,CID44971,Lymphocytes
GGTTCTACTCGTCTGA-1,19285,5743,TNBC,CID44971,DCIS
GACTCACCCACGTGAG-1,11883,4432,TNBC,CID44971,DCIS
AGCTCTTCGTAACCTT-1,26912,6683,TNBC,CID44971,DCIS
ACTATCCAGGGCATGG-1,17083,5434,TNBC,CID44971,DCIS
AAGGATCGATCGCTTG-1,23736,6012,TNBC,CID44971,DCIS
ATATCGGTAGGGAGAT-1,25604,6550,TNBC,CID44971,DCIS
ATTTGTCTTGGGAGCT-1,7713,3291,TNBC,CID44971,Invasive cancer + lymphocytes
CCTCGGACCGGGATAG-1,7902,3494,TNBC,CID44971,Invasive cancer + lymphocytes
TAGGTGCTCGCCTAGC-1,9787,4044,TNBC,CID44971,Invasive cancer + lymphocytes
CTTTAGGAACACTGTT-1,4899,2502,TNBC,CID44971,Invasive cancer + lymphocytes
TCGGGCCGTCGTGGTA-1,11358,4176,TNBC,CID44971,Invasive cancer + lymphocytes
AGTGCTTGCACGAATA-1,4819,2392,TNBC,CID44971,Invasive cancer + lymphocytes
TGCAGTTTCCTCCCAT-1,11237,3857,TNBC,CID44971,Invasive cancer + lymphocytes
TGAGAGATTTACCACG-1,5485,2309,TNBC,CID44971,Invasive cancer + lymphocytes
GAAACAGATGACCACC-1,16286,4908,TNBC,CID44971,DCIS
AGCAACATATCTTATT-1,11102,3979,TNBC,CID44971,Invasive cancer + lymphocytes
CAAGTGTGGTTGCAAA-1,12920,4338,TNBC,CID44971,DCIS
GCCTCATCTGGAAATA-1,16207,4819,TNBC,CID44971,DCIS
AACCCTACTGTCAATA-1,14401,4690,TNBC,CID44971,DCIS
ACGTATTACTCCGATC-1,8322,3557,TNBC,CID44971,DCIS
TCTGGGAACCTTTGAA-1,17158,5294,TNBC,CID44971,DCIS
GCTCGCTCATGTCCAA-1,6965,3135,TNBC,CID44971,DCIS
GCGCAAGAGCGCGCTG-1,9804,3812,TNBC,CID44971,DCIS
TTGACGCTCCATGAGC-1,8767,3675,TNBC,CID44971,DCIS
TATAGATGGTCGCAGT-1,15589,5164,TNBC,CID44971,DCIS
TTACATGCCACAACTA-1,21952,5921,TNBC,CID44971,DCIS
ACATGGCGCCAAAGTA-1,25607,6826,TNBC,CID44971,DCIS
CATGACTTCGCTGAAT-1,22859,6099,TNBC,CID44971,DCIS
GACAGCCAGACCTGAC-1,11452,4337,TNBC,CID44971,Invasive cancer + lymphocytes
GGCGAAATCTAACTTG-1,10507,4115,TNBC,CID44971,Invasive cancer + lymphocytes
CTGGTAACACATAGAA-1,6305,2917,TNBC,CID44971,Invasive cancer + lymphocytes
TAGCCATTTCAAAGTC-1,10547,4074,TNBC,CID44971,Invasive cancer + lymphocytes
GGGATTTACCGCACCT-1,3418,1821,TNBC,CID44971,Invasive cancer + lymphocytes
ATGCCATTTGCGACCA-1,4248,2232,TNBC,CID44971,Invasive cancer + lymphocytes
GAATAGACGCGACCCA-1,5702,2717,TNBC,CID44971,Invasive cancer + lymphocytes
TGTATGGCGCAGACAG-1,2975,1738,TNBC,CID44971,Invasive cancer + lymphocytes
GGATGAAGATCGCTGA-1,7971,3586,TNBC,CID44971,Invasive cancer + lymphocytes
CGACAATTTGATCTAA-1,5004,2556,TNBC,CID44971,Invasive cancer + lymphocytes
AAAGTTGACTCCCGTA-1,5527,2706,TNBC,CID44971,Invasive cancer + lymphocytes
CACGCGGAACTGTTGC-1,7603,3405,TNBC,CID44971,DCIS
GGTTACCACCCTCGGG-1,17319,5468,TNBC,CID44971,Invasive cancer + lymphocytes
CGAGTACTAAAGAGGA-1,24218,6546,TNBC,CID44971,Invasive cancer + lymphocytes
GCAAGAATTCCTTGGC-1,13506,4748,TNBC,CID44971,Invasive cancer + lymphocytes
TCGCCGAAGTTGCGTC-1,6093,2829,TNBC,CID44971,Invasive cancer + lymphocytes
GCCACAATTTAAGGAC-1,10004,3890,TNBC,CID44971,Invasive cancer + lymphocytes
TGAGTGCCTCTTAAAT-1,12118,4313,TNBC,CID44971,Invasive cancer + lymphocytes
GAGTGTGCGGTACCCA-1,18658,5469,TNBC,CID44971,Invasive cancer + lymphocytes
CAAGATATTATAACGT-1,19321,5338,TNBC,CID44971,Invasive cancer + lymphocytes
ACACACCAGGACCAGT-1,5496,2864,TNBC,CID44971,Invasive cancer + lymphocytes
ATGGGCCTCGGCCTCT-1,21611,6099,TNBC,CID44971,Invasive cancer + lymphocytes
AAGGTGATAAACCAGC-1,8168,3658,TNBC,CID44971,Invasive cancer + lymphocytes
TCTTACTTATGCCTCT-1,19096,5758,TNBC,CID44971,Invasive cancer + lymphocytes
AAAGTGTGATTTATCT-1,6871,3183,TNBC,CID44971,Invasive cancer + lymphocytes
CCACGGAGCCATAAGA-1,25394,6106,TNBC,CID44971,Invasive cancer + lymphocytes
CTTCTATGTTGAAGTA-1,20725,5762,TNBC,CID44971,Invasive cancer + lymphocytes
CACCGTTGCGCGATAT-1,11032,4418,TNBC,CID44971,Invasive cancer + lymphocytes
TCTAGCAATCTCCGCC-1,19550,5747,TNBC,CID44971,Invasive cancer + lymphocytes
AGTTTGGCCAGACCTA-1,14497,5096,TNBC,CID44971,Invasive cancer + lymphocytes
TTGTAAGGACCTAAGT-1,4729,2586,TNBC,CID44971,Invasive cancer + lymphocytes
AAATTTGCGGGTGTGG-1,11074,4340,TNBC,CID44971,Invasive cancer + lymphocytes
AAGTTCGGCCAACAGG-1,22816,6272,TNBC,CID44971,Invasive cancer + lymphocytes
CCGCTTACCTCACTCT-1,12961,4623,TNBC,CID44971,Invasive cancer + lymphocytes
ATCACGTGCTAATTAA-1,14472,4930,TNBC,CID44971,Invasive cancer + lymphocytes
GGTGAAGTACAGGGAT-1,8487,3561,TNBC,CID44971,Invasive cancer + lymphocytes
GCTGTATTACTGGCCC-1,6059,2855,TNBC,CID44971,Invasive cancer + lymphocytes
AACGGCCATCTCCGGT-1,7230,2847,TNBC,CID44971,Invasive cancer + lymphocytes
TAAGTAACATCTTGAC-1,10594,3813,TNBC,CID44971,Invasive cancer + lymphocytes
TTCTTGAGCCGCGCTA-1,7251,2732,TNBC,CID44971,Invasive cancer + lymphocytes
AGTGCGTAGCTCGTAA-1,7287,3021,TNBC,CID44971,Invasive cancer + lymphocytes
GGGATGGTCGTAACCG-1,3402,1938,TNBC,CID44971,Invasive cancer + lymphocytes
GTCTGGGCGGTCGAGA-1,10931,4201,TNBC,CID44971,Invasive cancer + lymphocytes
CGGAACGTAAACATAG-1,13471,4855,TNBC,CID44971,Invasive cancer + lymphocytes
CAAACGAGTATCGCAG-1,19669,5656,TNBC,CID44971,Invasive cancer + lymphocytes
ACTTATTTATGTGCCA-1,40681,7688,TNBC,CID44971,Invasive cancer + lymphocytes
GCCCGACTTCTTCCCG-1,10697,4264,TNBC,CID44971,Invasive cancer + lymphocytes
CTGGCATCCGAATGAG-1,22580,6060,TNBC,CID44971,Invasive cancer + lymphocytes
AAGTGCGTTAGAATCT-1,7412,3553,TNBC,CID44971,Invasive cancer + lymphocytes
AGAAGTGATTCGTGAT-1,10219,4326,TNBC,CID44971,Invasive cancer + lymphocytes
TACCTTAAGATTTCCC-1,18470,5735,TNBC,CID44971,Invasive cancer + lymphocytes
AATGACAGCAATGTCT-1,17471,5565,TNBC,CID44971,Invasive cancer + lymphocytes
TCAACGCAGGAAATAA-1,30539,6844,TNBC,CID44971,Invasive cancer + lymphocytes
TATTCCTCCGCCCACT-1,18999,5440,TNBC,CID44971,Invasive cancer + lymphocytes
ATCAAACGAAGGTTTG-1,22568,6099,TNBC,CID44971,Invasive cancer + lymphocytes
TTGATTAGCTGTTTCT-1,16911,5383,TNBC,CID44971,Invasive cancer + lymphocytes
CTGCTGAGGCCACGAA-1,13268,4529,TNBC,CID44971,Invasive cancer + lymphocytes
CCGTGTTAAATTCCAT-1,11080,4012,TNBC,CID44971,Invasive cancer + lymphocytes
CACGTCGGCAACCTCT-1,6422,2501,TNBC,CID44971,Invasive cancer + lymphocytes
GTATTCTGAGAAACGA-1,8436,3055,TNBC,CID44971,Invasive cancer + lymphocytes
CGGTGCGCGTTGGTCC-1,5202,2178,TNBC,CID44971,Invasive cancer + lymphocytes
GTGATTCGCCGCTCAA-1,9207,2803,TNBC,CID44971,Invasive cancer + lymphocytes
GCCCGCGCGTAAACGG-1,14163,4823,TNBC,CID44971,Invasive cancer + lymphocytes
AACGTACTGTGGGTAC-1,5728,2742,TNBC,CID44971,Invasive cancer + lymphocytes
GAGTATGCCCGCCTTG-1,8351,3398,TNBC,CID44971,Invasive cancer + lymphocytes
TGATTCTGTCGCCGGT-1,7614,3297,TNBC,CID44971,Invasive cancer + lymphocytes
GGGCGGCAAATGAATT-1,8298,3520,TNBC,CID44971,Invasive cancer + lymphocytes
TTCCAATCTGGCTATC-1,6144,3032,TNBC,CID44971,Invasive cancer + lymphocytes
GGAACCGTGTAAATTG-1,11301,4486,TNBC,CID44971,Invasive cancer + lymphocytes
TTGGTCACACTCGTAA-1,11750,4410,TNBC,CID44971,Invasive cancer + lymphocytes
CGAACCCGCATGCGTC-1,12482,4610,TNBC,CID44971,Invasive cancer + lymphocytes
TACCAGAAGTAGGTTC-1,18168,5263,TNBC,CID44971,Lymphocytes
GATGTAACGAACCACC-1,29794,6781,TNBC,CID44971,Invasive cancer + lymphocytes
CTCCCTCCTTTCGATC-1,7382,3274,TNBC,CID44971,Invasive cancer + lymphocytes
TTGGAAGAATACAGTC-1,17728,5573,TNBC,CID44971,Invasive cancer + lymphocytes
AGTTAAGTCAACCGCT-1,9493,3961,TNBC,CID44971,Invasive cancer + lymphocytes
CTCATGGTAATTTGCG-1,5877,2993,TNBC,CID44971,Invasive cancer + lymphocytes
AAAGTAGCATTGCTCA-1,18010,5485,TNBC,CID44971,Invasive cancer + lymphocytes
TTGTGGTAGGAGGGAT-1,20224,5821,TNBC,CID44971,Invasive cancer + lymphocytes
AGTCGTGGGCATTACG-1,12089,4263,TNBC,CID44971,Invasive cancer + lymphocytes
ACCTAAGTACCTTTCA-1,19971,5846,TNBC,CID44971,Invasive cancer + lymphocytes
GTAGAGGGAGACAAGT-1,16294,5267,TNBC,CID44971,Invasive cancer + lymphocytes
GATCCTCGACACTGGC-1,20662,5789,TNBC,CID44971,Invasive cancer + lymphocytes
CCTACATTCACAGACG-1,3171,1879,TNBC,CID44971,Invasive cancer + lymphocytes
TTGACCGTGTTAATGA-1,8039,3475,TNBC,CID44971,Invasive cancer + lymphocytes
TCTGTTACCCAGCATA-1,3338,1927,TNBC,CID44971,Invasive cancer + lymphocytes
CTAACTGGTCCGGTTC-1,2288,1428,TNBC,CID44971,Invasive cancer + lymphocytes
AGCGACAGGAACGGTC-1,3737,1945,TNBC,CID44971,Invasive cancer + lymphocytes
TAATAGAACAGAGTTA-1,2424,1406,TNBC,CID44971,Invasive cancer + lymphocytes
ACAGGTGGAGGTGAGG-1,3985,1698,TNBC,CID44971,Invasive cancer + lymphocytes
TGCGAGAATATTACCC-1,4116,2045,TNBC,CID44971,Invasive cancer + lymphocytes
TTGCGTCGGCCAACCG-1,2861,1494,TNBC,CID44971,Invasive cancer + lymphocytes
AGGCTTCCCGAAGAAG-1,13759,4623,TNBC,CID44971,Invasive cancer + lymphocytes
GCGGACCGCGTTGTGG-1,7718,2976,TNBC,CID44971,Invasive cancer + lymphocytes
GTAATCTGATTCTTCG-1,8622,3343,TNBC,CID44971,Invasive cancer + lymphocytes
CCGCGGAATGCGTCAC-1,10361,3412,TNBC,CID44971,Invasive cancer + lymphocytes
TTCCACACAGATTTGA-1,10440,3818,TNBC,CID44971,Invasive cancer + lymphocytes
CTTCTATTAATGCTAG-1,5677,2563,TNBC,CID44971,Invasive cancer + lymphocytes
CATTTGAGTGGTACGT-1,6313,3109,TNBC,CID44971,Invasive cancer + lymphocytes
TCACAGCAAACTCGAA-1,5616,2733,TNBC,CID44971,Lymphocytes
CAGACGAACCTGATAC-1,6283,3174,TNBC,CID44971,Lymphocytes
TAGCTAGAAGGCATGA-1,8036,3473,TNBC,CID44971,Lymphocytes
CGCGAGTCTGCCGGGT-1,28840,6593,TNBC,CID44971,Invasive cancer + lymphocytes
TGCGTCATGACTGAGC-1,14917,4758,TNBC,CID44971,Invasive cancer + lymphocytes
GTATGAAATTTCACTC-1,11087,4541,TNBC,CID44971,Invasive cancer + lymphocytes
TTGGTTGCGGTGCGCG-1,10625,4168,TNBC,CID44971,Invasive cancer + lymphocytes
ACAGAACTGAGAACAA-1,16774,5442,TNBC,CID44971,Invasive cancer + lymphocytes
CTACTATCATAGGTTT-1,5054,2519,TNBC,CID44971,Invasive cancer + lymphocytes
CCTCTATCGATTAGCA-1,9049,3840,TNBC,CID44971,Invasive cancer + lymphocytes
CCGTATCTCGTCGTAG-1,10237,4057,TNBC,CID44971,Invasive cancer + lymphocytes
TCACGATGTCCGTGGA-1,12703,4565,TNBC,CID44971,Invasive cancer + lymphocytes
TCAACAAAGATAATTC-1,18971,5614,TNBC,CID44971,Invasive cancer + lymphocytes
ATGACGCGTTCTATCC-1,17245,5230,TNBC,CID44971,Invasive cancer + lymphocytes
ATTTGCGCGAGTAGCT-1,12055,4209,TNBC,CID44971,Invasive cancer + lymphocytes
TTCTTGGACGATCTGC-1,5854,2773,TNBC,CID44971,Invasive cancer + lymphocytes
AGACGACGATGCCGCT-1,5449,2495,TNBC,CID44971,Invasive cancer + lymphocytes
GGTCTCTGAATGGACT-1,4306,1942,TNBC,CID44971,Invasive cancer + lymphocytes
GCTCAATCCGTTTATT-1,3509,1733,TNBC,CID44971,Invasive cancer + lymphocytes
CCAGAAAGCAACTCAT-1,3464,1888,TNBC,CID44971,Invasive cancer + lymphocytes
CACCGTTAGGGATCAC-1,1688,1108,TNBC,CID44971,Invasive cancer + lymphocytes
AATAACACTAGAACAA-1,4636,2476,TNBC,CID44971,Invasive cancer + lymphocytes
CACCCGGTTTGTGACT-1,1902,1182,TNBC,CID44971,Invasive cancer + lymphocytes
CCACCAACTTTACTGT-1,2141,1347,TNBC,CID44971,Invasive cancer + lymphocytes
AACTCTCAGTGTGCTC-1,2375,1429,TNBC,CID44971,Invasive cancer + lymphocytes
AAACCGTTCGTCCAGG-1,9106,3582,TNBC,CID44971,Invasive cancer + lymphocytes
CAGCGATTCCCTTCAA-1,7238,2949,TNBC,CID44971,Invasive cancer + lymphocytes
GCTAGCTTGAATAGCT-1,8263,3327,TNBC,CID44971,Invasive cancer + lymphocytes
TTGCGGCATCAGAAAG-1,10716,3850,TNBC,CID44971,Invasive cancer + lymphocytes
AATAGAACAGAGTGGC-1,6212,2652,TNBC,CID44971,Invasive cancer + lymphocytes
GCCATCGAGCTGCGTG-1,10441,3584,TNBC,CID44971,Invasive cancer + lymphocytes
ACACTGATCAAGGTGT-1,6048,2684,TNBC,CID44971,Invasive cancer + lymphocytes
ACCAACGCTTATTTAT-1,10961,4069,TNBC,CID44971,Invasive cancer + lymphocytes
GACATCGATTTATAAC-1,6271,2954,TNBC,CID44971,Lymphocytes
CAGACACCGATCGCTG-1,7273,3276,TNBC,CID44971,Lymphocytes
CCAAGAAAGTGGGCGA-1,18357,5605,TNBC,CID44971,Lymphocytes
GGTAGACCGTTGGGCG-1,14915,5050,TNBC,CID44971,Lymphocytes
CAGATCCTGGTTTGAA-1,10838,4062,TNBC,CID44971,Invasive cancer + lymphocytes
CTTCAGTGGTCGCCTA-1,9440,3713,TNBC,CID44971,Invasive cancer + lymphocytes
GGGCAACCGCACGTGC-1,6606,3105,TNBC,CID44971,Invasive cancer + lymphocytes
GACCCAATTATGATAC-1,5735,2727,TNBC,CID44971,Invasive cancer + lymphocytes
GAAGCTCGGACCCGTC-1,4575,2444,TNBC,CID44971,Invasive cancer + lymphocytes
CGTCGGGTCTAAGCGC-1,6249,2917,TNBC,CID44971,Invasive cancer + lymphocytes
GAGGCCCGACTCCGCA-1,5852,2849,TNBC,CID44971,Invasive cancer + lymphocytes
TTGCCATAGCCCGCTC-1,10931,4111,TNBC,CID44971,Invasive cancer + lymphocytes
TAACATACACGCGATC-1,17617,5248,TNBC,CID44971,Invasive cancer + lymphocytes
CCGACGGGCATGAGGT-1,19300,5683,TNBC,CID44971,Invasive cancer + lymphocytes
AATGTGCCCGAGGTGT-1,12115,4416,TNBC,CID44971,Invasive cancer + lymphocytes
AGCTGTAACCTCAATC-1,8482,3578,TNBC,CID44971,Invasive cancer + lymphocytes
CGAGTGAAGGTACCAG-1,3430,2009,TNBC,CID44971,Invasive cancer + lymphocytes
AGTCTCACAAGACTAC-1,3766,2048,TNBC,CID44971,Invasive cancer + lymphocytes
AAATTGATAGTCCTTT-1,3166,1844,TNBC,CID44971,Invasive cancer + lymphocytes
TAAGTCGCCGAGTATC-1,6958,2919,TNBC,CID44971,Invasive cancer + lymphocytes
GCGGAGAAACTTCGCA-1,3674,1838,TNBC,CID44971,Invasive cancer + lymphocytes
GGCAAAGGCGCCAATA-1,4147,1882,TNBC,CID44971,Invasive cancer + lymphocytes
ATTTCCGGGTTCTGCG-1,1798,1036,TNBC,CID44971,Lymphocytes
TAAACCCAGGAGGGCA-1,3909,1877,TNBC,CID44971,Lymphocytes
TTCGGGCGCTAGTCTT-1,2011,1324,TNBC,CID44971,Lymphocytes
GTGGAGTCGGCGGTTG-1,5627,2675,TNBC,CID44971,Lymphocytes
GCACGCCTACTTAGAT-1,1969,1186,TNBC,CID44971,Lymphocytes
CAATATTCTTGACCTA-1,1970,1242,TNBC,CID44971,Invasive cancer + lymphocytes
CGTTTGTGTAGAGGGT-1,3189,1756,TNBC,CID44971,Invasive cancer + lymphocytes
CATAGCGTTGCCCACC-1,5913,2588,TNBC,CID44971,Invasive cancer + lymphocytes
TGATACATTTAGCCGT-1,7496,3162,TNBC,CID44971,Invasive cancer + lymphocytes
TTCCGGCCTTGAGGCT-1,9392,3491,TNBC,CID44971,Invasive cancer + lymphocytes
CCTATACCGTCCTGTC-1,4964,2136,TNBC,CID44971,Invasive cancer + lymphocytes
TCGTTGCTATCCGGTC-1,4368,2011,TNBC,CID44971,Invasive cancer + lymphocytes
TGGCGACTGCTCCAAA-1,8170,3210,TNBC,CID44971,Invasive cancer + lymphocytes
CAGAGGCGATGCATGA-1,10512,3960,TNBC,CID44971,Invasive cancer + lymphocytes
TCACAGGAGAATAAGA-1,10136,4020,TNBC,CID44971,Invasive cancer + lymphocytes
GGGTTAACATTTGAGT-1,5830,2806,TNBC,CID44971,Lymphocytes
GCGGGCGAGCCTTACC-1,3221,1946,TNBC,CID44971,Lymphocytes
TGCCAATGGGTACTCT-1,1980,1401,TNBC,CID44971,Lymphocytes
AGGGACTCTACGCGAC-1,7624,3460,TNBC,CID44971,Lymphocytes
GACGCCGTAAAGGCTA-1,26751,6750,TNBC,CID44971,Lymphocytes
AAAGGCTCTCGCGCCG-1,39828,8027,TNBC,CID44971,Lymphocytes
TATTATGTTTGCCTGC-1,5942,2894,TNBC,CID44971,Invasive cancer + lymphocytes
GTCAAAGAAGTGGTGT-1,3720,2256,TNBC,CID44971,Invasive cancer + lymphocytes
GGGACAGAGTTACTCC-1,6038,2839,TNBC,CID44971,Invasive cancer + lymphocytes
AGCAACCGAAAGTAAT-1,6606,3050,TNBC,CID44971,Invasive cancer + lymphocytes
CTCTCTAACTGCCTAG-1,5042,2582,TNBC,CID44971,Invasive cancer + lymphocytes
ATACGGAACGTCGTTT-1,3933,2208,TNBC,CID44971,Invasive cancer + lymphocytes
TCGGTCCCGACAATAG-1,7366,3395,TNBC,CID44971,Invasive cancer + lymphocytes
CGCGCAAATGTCCAGA-1,14398,4790,TNBC,CID44971,Invasive cancer + lymphocytes
TCTAATACTGCCTCAG-1,11933,4393,TNBC,CID44971,Invasive cancer + lymphocytes
CTCGGTTGTCGGCCCT-1,17428,5166,TNBC,CID44971,Invasive cancer + lymphocytes
GGTAACCGGGAGGATA-1,14178,4443,TNBC,CID44971,Invasive cancer + lymphocytes
CAGGCGCACGGTGGTC-1,8775,3622,TNBC,CID44971,Invasive cancer + lymphocytes
TCATCGATGGTCCCAA-1,6439,3028,TNBC,CID44971,Invasive cancer + lymphocytes
CAAAGATTATTGGGCC-1,11044,4117,TNBC,CID44971,Invasive cancer + lymphocytes
ACAATGAATACGGAGA-1,14025,4831,TNBC,CID44971,Invasive cancer + lymphocytes
GCTCCTGACATACTGG-1,7794,3189,TNBC,CID44971,Invasive cancer + lymphocytes
GATGACAAGTAGGGCA-1,9314,3451,TNBC,CID44971,Invasive cancer + lymphocytes
TACGCCGAGGGTACCC-1,4980,2136,TNBC,CID44971,Lymphocytes
AAGCGTCCCTCATCGA-1,4665,2178,TNBC,CID44971,Lymphocytes
CACTCCTATGTAAGAT-1,1558,1102,TNBC,CID44971,Lymphocytes
TCGAGCCAGGCAGGCC-1,1677,1132,TNBC,CID44971,Lymphocytes
TCGTCAAGTACGCGCA-1,2378,1444,TNBC,CID44971,Lymphocytes
CCCGTAGCTGGGAAGA-1,4146,2210,TNBC,CID44971,Lymphocytes
ACCCTATGCCATATCG-1,5897,2560,TNBC,CID44971,Lymphocytes
GTGGTATAGTCTGCCG-1,6629,2992,TNBC,CID44971,Invasive cancer + lymphocytes
CCGGTTTGTAATTGTG-1,10485,3970,TNBC,CID44971,Invasive cancer + lymphocytes
GTCGCCGTTGTGTGTT-1,6484,2625,TNBC,CID44971,Invasive cancer + lymphocytes
TACTGAACAGATTTAG-1,4697,2268,TNBC,CID44971,Invasive cancer + lymphocytes
TATTAACCTGACCGCG-1,5066,2531,TNBC,CID44971,Invasive cancer + lymphocytes
CTGTAGCCATCTCACT-1,6037,2732,TNBC,CID44971,Invasive cancer + lymphocytes
TACTATGGTTCCTCAG-1,6625,3160,TNBC,CID44971,Invasive cancer + lymphocytes
GAGTCAGACCAGAATC-1,8523,3641,TNBC,CID44971,Invasive cancer + lymphocytes
TAAGGCATAACATCAA-1,17145,5614,TNBC,CID44971,Invasive cancer + lymphocytes
CTTCCGCTCCGTGAAG-1,6256,3033,TNBC,CID44971,Invasive cancer + lymphocytes
GGGCTATGATCGATGG-1,18278,5715,TNBC,CID44971,Invasive cancer + lymphocytes
GGTCGGTCGTCCACAG-1,7770,3519,TNBC,CID44971,Lymphocytes
GGGACCCGTATATCTT-1,12918,4963,TNBC,CID44971,Lymphocytes
GAAAGCAGTGCACTTT-1,11644,4696,TNBC,CID44971,Lymphocytes
AGCGCATAATGAATCG-1,13979,5069,TNBC,CID44971,Lymphocytes
GCTGCTAAGTAGTCGA-1,41914,7928,TNBC,CID44971,Lymphocytes
AATAGTCCGTCCCGAC-1,15269,4972,TNBC,CID44971,Lymphocytes
ACCGGTCAGGTACACC-1,9691,4175,TNBC,CID44971,Invasive cancer + lymphocytes
GTGGAGCGTTTACCGA-1,2851,1831,TNBC,CID44971,Invasive cancer + lymphocytes
AGGCGGTTTGTCCCGC-1,5576,2769,TNBC,CID44971,Invasive cancer + lymphocytes
TCCCTGGCGTATTAAC-1,5318,2629,TNBC,CID44971,Invasive cancer + lymphocytes
AAACACCAATAACTGC-1,4496,2515,TNBC,CID44971,Invasive cancer + lymphocytes
TGGACGCAATCCAGCC-1,4114,2304,TNBC,CID44971,Invasive cancer + lymphocytes
GGAACCTTGACTCTGC-1,8830,3719,TNBC,CID44971,Invasive cancer + lymphocytes
GTATCTCAGTCTTGAC-1,7015,3173,TNBC,CID44971,Invasive cancer + lymphocytes
GCTGAATCTTCCAATC-1,16553,5232,TNBC,CID44971,Invasive cancer + lymphocytes
AGATGCAAGACGTGCA-1,18711,5549,TNBC,CID44971,Invasive cancer + lymphocytes
TTAAGGCCCGTACTTT-1,17770,5330,TNBC,CID44971,Invasive cancer + lymphocytes
AGTATGCTGGAGACCA-1,9192,3666,TNBC,CID44971,Invasive cancer + lymphocytes
GCGGCAAAGTATTGCC-1,17041,5358,TNBC,CID44971,Invasive cancer + lymphocytes
GCGCAAATATATTCAA-1,13037,4671,TNBC,CID44971,Invasive cancer + lymphocytes
GAAGAAACGATATTGT-1,16447,5333,TNBC,CID44971,Invasive cancer + lymphocytes
GGACCTCTAGGCCGCC-1,3905,2159,TNBC,CID44971,Invasive cancer + lymphocytes
AACAGCTGTGTGGCAA-1,15879,5065,TNBC,CID44971,Invasive cancer + lymphocytes
TCGAATATCCCGCAGG-1,8707,3596,TNBC,CID44971,Invasive cancer + lymphocytes
GCGACCCAACCATCTG-1,25497,6837,TNBC,CID44971,Invasive cancer + lymphocytes
AGAGAAGGAGTACAAT-1,7870,3343,TNBC,CID44971,Invasive cancer + lymphocytes
GGCTCCTCCACCTGTT-1,7577,3329,TNBC,CID44971,Invasive cancer + lymphocytes
TCAGTGTATACGTCAT-1,4556,2269,TNBC,CID44971,Invasive cancer + lymphocytes
ATTATTATGTCCGTCA-1,7651,3214,TNBC,CID44971,Invasive cancer + lymphocytes
TTAGGTCATAACCGAC-1,3953,2134,TNBC,CID44971,Lymphocytes
AAGATGGCACCGGACC-1,12157,4311,TNBC,CID44971,Invasive cancer + lymphocytes
CTACAAGAAATAACCC-1,3424,1901,TNBC,CID44971,Lymphocytes
ACTATTTCCGGGCCCA-1,9007,3495,TNBC,CID44971,Invasive cancer + lymphocytes
TTGTTTCACATCCAGG-1,4771,2303,TNBC,CID44971,Invasive cancer + lymphocytes
CGCTGTGTGGATGTTG-1,6865,3082,TNBC,CID44971,Invasive cancer + lymphocytes
TCAACATAGCGCCCTA-1,6714,3013,TNBC,CID44971,Invasive cancer + lymphocytes
TACTCTTTCGTCTTCA-1,5383,2555,TNBC,CID44971,Invasive cancer + lymphocytes
ACCCGTGTCATCAGTA-1,17000,5614,TNBC,CID44971,Lymphocytes
CCGGAGCGTACTTTCT-1,17242,5544,TNBC,CID44971,Lymphocytes
GCTGGTTTAGGCCATA-1,19032,5611,TNBC,CID44971,Invasive cancer + lymphocytes
TGTCGTTATCACATAT-1,11810,4524,TNBC,CID44971,Invasive cancer + lymphocytes
ACACATGATCAAATCT-1,17449,5307,TNBC,CID44971,Invasive cancer + lymphocytes
TATCCATCTCGGTTAG-1,14496,4700,TNBC,CID44971,Invasive cancer + lymphocytes
CTCGTCGAGGGCTCAT-1,6281,3160,TNBC,CID44971,Invasive cancer + lymphocytes
ATCAATGCCGTGGCTG-1,13539,4841,TNBC,CID44971,Invasive cancer + lymphocytes
GAAACATAGGAAACAG-1,17391,5670,TNBC,CID44971,Invasive cancer + lymphocytes
TAATAGGTCACCAGAA-1,25318,6537,TNBC,CID44971,Invasive cancer + lymphocytes
CACCAGTCAGCATGCA-1,22295,6068,TNBC,CID44971,Invasive cancer + lymphocytes
GAGCGCTGTTAGGTAA-1,25914,6488,TNBC,CID44971,Invasive cancer + lymphocytes
CCCTATGTAGAGCAGA-1,17854,5316,TNBC,CID44971,Invasive cancer + lymphocytes
GATCGCTATATCTCAG-1,15420,4031,TNBC,CID44971,Invasive cancer + lymphocytes
AAGGGACTATGCATTC-1,16769,5161,TNBC,CID44971,Invasive cancer + lymphocytes
CTCGGGTTCTCTGGCC-1,11156,4093,TNBC,CID44971,Invasive cancer + lymphocytes
TATATATCGAGAAATG-1,22743,6055,TNBC,CID44971,Invasive cancer + lymphocytes
ACCCGAGCGAAATTAC-1,23142,6130,TNBC,CID44971,Invasive cancer + lymphocytes
TTGTTTCATTAGTCTA-1,12424,4278,TNBC,CID44971,Invasive cancer + lymphocytes
ATGGGACCTGCTGAAC-1,18343,5428,TNBC,CID44971,Invasive cancer + lymphocytes
TGCGACGGCCGAACGT-1,21785,5809,TNBC,CID44971,Invasive cancer + lymphocytes
AGCTAACAAGCAATGT-1,12725,4667,TNBC,CID44971,Invasive cancer + lymphocytes
CGTGTCTCGTTACGAC-1,9419,3754,TNBC,CID44971,Invasive cancer + lymphocytes
CTAAATCCGGTGTACA-1,15119,5093,TNBC,CID44971,Invasive cancer + lymphocytes
GAATAGTGCTCGATTA-1,16000,5149,TNBC,CID44971,Invasive cancer + lymphocytes
AACAATACATTGTCGA-1,13426,4645,TNBC,CID44971,Invasive cancer + lymphocytes
CACATCGTGCACGCGC-1,8166,3456,TNBC,CID44971,Invasive cancer + lymphocytes
CCCAATGAGATTTGCA-1,12332,4490,TNBC,CID44971,Invasive cancer + lymphocytes
ATCCCATCCACAGCGC-1,11313,4553,TNBC,CID44971,NA
CTTAGGTATAGACCAG-1,17048,5605,TNBC,CID44971,Invasive cancer + lymphocytes
TGACTCCGAATCATAC-1,14141,4943,TNBC,CID44971,Invasive cancer + lymphocytes
ACTACATCCCGACAAG-1,13762,4586,TNBC,CID44971,Invasive cancer + lymphocytes
TTGCCGCAGACCTACA-1,9674,3817,TNBC,CID44971,Invasive cancer + lymphocytes
TAAGAGGGACAGGGAC-1,11456,4378,TNBC,CID44971,Invasive cancer + lymphocytes
CGAATGAAGTCATTGC-1,17447,5143,TNBC,CID44971,Invasive cancer + lymphocytes
AAGGGAACGACTGGCT-1,12915,4358,TNBC,CID44971,Invasive cancer + lymphocytes
CGAATCTGCTCGACGC-1,26815,6518,TNBC,CID44971,Invasive cancer + lymphocytes
ATCGTGGAAAGTCTGG-1,15380,4859,TNBC,CID44971,Invasive cancer + lymphocytes
CCTATGGCTCCTAGTG-1,15054,4777,TNBC,CID44971,Invasive cancer + lymphocytes
CGTCGCTTGGTTATAC-1,17398,5027,TNBC,CID44971,Invasive cancer + lymphocytes
TGCTTAGAGAGAATGC-1,18277,5277,TNBC,CID44971,Invasive cancer + lymphocytes
GATTGCTCCAGTTGCA-1,14204,4625,TNBC,CID44971,Invasive cancer + lymphocytes
CGTGCTTCTACCTAAA-1,20774,5688,TNBC,CID44971,Invasive cancer + lymphocytes
ACTCCAATATCATCAT-1,13300,4610,TNBC,CID44971,Invasive cancer + lymphocytes
GCCGACCCACGACTGC-1,20762,5641,TNBC,CID44971,Invasive cancer + lymphocytes
GAGGGTAGTAACAAAG-1,18150,5633,TNBC,CID44971,Invasive cancer + lymphocytes
GGCCGAGACTCTGGTG-1,16674,5139,TNBC,CID44971,Invasive cancer + lymphocytes
TATATAGGGCTTTACG-1,13841,4688,TNBC,CID44971,Invasive cancer + lymphocytes
TGCCGGATGTACGAGC-1,15077,4919,TNBC,CID44971,Invasive cancer + lymphocytes
TCCATCAATACTAATC-1,2833,1641,TNBC,CID44971,Invasive cancer + lymphocytes
ACCTCGAACTTATGCT-1,3115,1824,TNBC,CID44971,Invasive cancer + lymphocytes
ACAAACCATGCGTCCT-1,15439,5107,TNBC,CID44971,Invasive cancer + lymphocytes
ACACCGGTCTGACCGC-1,6950,3188,TNBC,CID44971,Invasive cancer + lymphocytes
ATGGCAGCATTACGAT-1,12817,4653,TNBC,CID44971,Invasive cancer + lymphocytes
CTGGTGAATGGGCCTA-1,8988,3812,TNBC,CID44971,Invasive cancer + lymphocytes
CACAGAGACGAGGACG-1,16565,5005,TNBC,CID44971,Invasive cancer + lymphocytes
GCACAAACCCTAGATG-1,24769,6063,TNBC,CID44971,Invasive cancer + lymphocytes
ACTATGTCCAGCTGCC-1,15717,4821,TNBC,CID44971,Invasive cancer + lymphocytes
AAGCCGCCGTGAAATC-1,14423,4648,TNBC,CID44971,Invasive cancer + lymphocytes
ATGGGTGTATACCTCC-1,22408,6025,TNBC,CID44971,Invasive cancer + lymphocytes
TAAGCGCGAATCAAAT-1,10798,4139,TNBC,CID44971,Invasive cancer + lymphocytes
AGCCCGGCATTAGAGG-1,12495,4350,TNBC,CID44971,Invasive cancer + lymphocytes
GTGATCAAGCGTGCAC-1,11304,4304,TNBC,CID44971,Invasive cancer + lymphocytes
CTGCCTTTAATACCTT-1,10078,3886,TNBC,CID44971,Invasive cancer + lymphocytes
TACCTCCACACCAATG-1,15790,5102,TNBC,CID44971,Invasive cancer + lymphocytes
GAGCATCAACAACTTG-1,14661,4962,TNBC,CID44971,Invasive cancer + lymphocytes
GGGAACGGTTTCAGAT-1,17789,5341,TNBC,CID44971,Invasive cancer + lymphocytes
CACCGGTAGAGACATT-1,2817,1710,TNBC,CID44971,Invasive cancer + lymphocytes
ACTCATGGCAGCCTTC-1,3056,1841,TNBC,CID44971,Invasive cancer + lymphocytes
CATCCAATATAGTTTG-1,4408,2354,TNBC,CID44971,Invasive cancer + lymphocytes
CAGATATGAAGATGAC-1,4328,2370,TNBC,CID44971,Invasive cancer + lymphocytes
GCAAAGGGCGTTAGCC-1,9780,3896,TNBC,CID44971,Invasive cancer + lymphocytes
CTGTTGTTCAGTCGTA-1,5871,2788,TNBC,CID44971,Invasive cancer + lymphocytes
AAAGGCCCTATAATAC-1,11666,4207,TNBC,CID44971,Invasive cancer + lymphocytes
AACATTGAAGTTGATC-1,3970,2148,TNBC,CID44971,Invasive cancer + lymphocytes
GCTAGCGATAGGTCTT-1,5813,2767,TNBC,CID44971,Invasive cancer + lymphocytes
ATTGCCTATTAGACCG-1,6891,3092,TNBC,CID44971,Invasive cancer + lymphocytes
GGGCGTTTACATTCAT-1,6607,3085,TNBC,CID44971,Invasive cancer + lymphocytes
AGTGACTGTGACACAA-1,14097,4683,TNBC,CID44971,Invasive cancer + lymphocytes
GACCGATTAAATATGT-1,3900,2237,TNBC,CID44971,Invasive cancer + lymphocytes
GTCGAATTTGGGCGCT-1,4281,2275,TNBC,CID44971,Invasive cancer + lymphocytes
TCACGGCCCAAGAGAG-1,5422,2846,TNBC,CID44971,Invasive cancer + lymphocytes
CTACGATCCTATCCTA-1,5724,2692,TNBC,CID44971,Invasive cancer + lymphocytes
TGCAGTGGTAGGGAAC-1,4513,2364,TNBC,CID44971,Invasive cancer + lymphocytes
AGCGAGACGTGAAGGC-1,8749,3583,TNBC,CID44971,Invasive cancer + lymphocytes
CAGTGTTAATCTCTCA-1,2634,1680,TNBC,CID44971,Invasive cancer + lymphocytes
GATCGCTGTGGTGCGT-1,4655,2386,TNBC,CID44971,Invasive cancer + lymphocytes
CTCTGCAGGCATTCTT-1,3009,1675,TNBC,CID44971,Invasive cancer + lymphocytes
